Workbook
Name Acct_Codes: '[1]Exp-Codes'!$C$3:$C$22
Name emma1: #REF!
Name KeyCustom1: [2]January!$N$2
Name KeyCustom2: [2]January!$R$2
Name KeyPersonal: [2]January!$G$2
Name KeySick: [2]January!$K$2
Name KeyVacation: [2]January!$C$2
Name simt1: #REF!
Name sunche: #REF!
Name sunche1: #REF!

Sheet fuel capture
B1: =IF(A1="","",VLOOKUP(A1,'IHS DATABASE'!C:D,2,0)) | AJ1: =SUBTOTAL(9,AJ3:AJ496903) -> 4300 | BD1: =SUBTOTAL(9,BD2:BD2) -> 0 | BF1: VALIDATION STATUS
A2: SITE ID | B2: SITE NAME | C2: SBC | D2: NAME OF TECHNICIAN | E2: REGION | F2: REGION MANAGER | G2: QUALITY AUDITOR | H2: SECURITY (YES/NO) | I2: INDOOR / OUTDOOR | J2: POWER TOPOLOGY | K2: CURRENT TOPOLOGY | L2: REASONS OF POWER TOPOLOGY CHANGE | M2: SITE TYPE | N2: ORDER NUMBERS | O2: CURRENT VISIT DATE | P2: PREVIOUS VISIT DATE | Q2: TYPE OF VISIT | R2: DG SERIAL NUMBER | S2: DG BRAND | T2: AC / DC | U2: DG KVA | V2: DG REPLACEMENT DATE | W2: PREVIOUS DG RUN HOURS | X2: CURRENT DG RUN HOURS | Y2: RUNING HOURS | Z2: MAX RH | AA2: RH TEST | AB2: Last servicing | AC2: CURRENT SERVICING | AD2: NEXT SERVICE PLANED | AE2: DG serviced Hour | AF2: PREVIOUS DIESEL LEVEL | AG2: DG DIMENSION | AH2: FUEL FOUND IN CM | AI2: FUEL FOUND | AJ2: FUEL ADDED | AK2: FUEL LEFT ON SITE | AL2: FUEL CONSUMED | AM2: CPH | AN2: Manufacturer CPH | AO2: CPH Test | AP2: ZESCO METER S/NO | AQ2: PHASE TYPE | AR2: CURRENT GRID METER READING | AS2: PREVIOUS GRID METER READING | AT2: GRID CONSUMPTION (kWh) | AU2: N-PH1 VOLTAGE | AV2: N-PH2 VOLTAGE | AW2: N-PH3 VOLTAGE | AX2: LOAD 1 (A) | AY2: LOAD 2 (A) | AZ2: LOAD 3 (A) | BA2: DC LOAD (A) | BB2: COMMENT | BC2: SUPPLIER | BE2: NOC CAPTURED
A3: IHS_CBT_017M | B3: Overspill | C3: GNM | D3: KAMBOLE | E3: Copperbelt | F3: Mwenya Banda | G3: Elvis Mumba | I3: Outdoor | J3: Grid-Gen | M3: Green Field | O3: 46030 | P3: 46018 | S3: Falcon | U3: 20 | W3: 10174 | X3: 10225 | Y3: 51 | Z3: 288 | AA3: OK | AF3: 396 | AI3: 243 | AJ3: 50 | AK3: 293 | AL3: 153 | AM3: 3 | AN3: 2.5 | AT3: 0 | BB3: NORMAL CPH | BC3: SAHARA | BE3: CAPTURED
A4: IHS_CBT_031M | B4: Kawama | C4: GNM | D4: KAMBOLE | E4: Copperbelt | F4: Mwenya Banda | G4: Elvis Mumba | I4: Indoor | J4: Grid-Gen | M4: Green Field | O4: 46030 | P4: 46029 | S4: GL Yanmar | U4: 20 | W4: 2044 | X4: 2045 | Y4: 1 | Z4: 24 | AA4: OK | AF4: 168 | AI4: 163 | AJ4: 250 | AK4: 413 | AL4: 5 | AM4: 5 | AN4: 2 | AT4: 0 | BB4: NORMAL CPH | BC4: SAHARA | BE4: CAPTURED
A5: IHS_CBT_025M | B5: Pamozi Extension | C5: GNM | D5: KAMBOLE | E5: Copperbelt | F5: Mwenya Banda | G5: Elvis Mumba | I5: Indoor | J5: Grid-Gen | M5: Green Field | O5: 46030 | P5: 46029 | S5: GL Yanmar | U5: 16 | W5: 4588 | X5: 4609 | Y5: 21 | Z5: 24 | AA5: OK | AF5: 110 | AI5: 47 | AJ5: 200 | AK5: 247 | AL5: 63 | AM5: 3 | AN5: 2 | AT5: 0 | BB5: NORMAL CPH | BC5: SAHARA | BE5: CAPTURED
A6: IHS_CBT_043M | B6: Fisenge | C6: GNM | D6: ISAAC | E6: Copperbelt | F6: Mwenya Banda | G6: Neddy Chiwasa | I6: Indoor | J6: Grid-Gen | M6: Green Field | O6: 46030 | P6: 46004 | S6: Gen Logic | U6: 16 | W6: faulty Controller | X6: Faulty Controller | Y6: #VALUE! | Z6: 624 | AA6: #VALUE! | AF6: 647 | AI6: 127 | AJ6: 200 | AK6: 327 | AL6: 520 | AM6: #VALUE! | AN6: 2 | AT6: 0 | BB6: FAULTY CONTROLLER | BC6: PUMA | BE6: CAPTURED
A7: IHS_CBT_056M | B7: Masangano | C7: GNM | D7: ROYD | E7: Copperbelt | F7: Mwenya Banda | G7: Elvis Mumba | I7: Indoor | J7: Grid-Gen | M7: Green Field | O7: 46030 | P7: 46361 | S7: GL Yanmar | U7: 16 | W7: Faulty Controller | X7: Faulty Controller | Y7: #VALUE! | Z7: -7944 | AA7: #VALUE! | AF7: 115 | AI7: 20 | AJ7: 200 | AK7: 220 | AL7: 95 | AM7: #VALUE! | AN7: 2 | AT7: 0 | BB7: FAULTY CONTROLLER | BC7: SAHARA | BE7: CAPTURED
A8: IHS_CBT_060M | B8: Kansafu | C8: GNM | D8: ROYD | E8: Copperbelt | F8: Mwenya Banda | G8: Elvis Mumba | I8: Indoor | J8: Grid-Gen | M8: Green Field | O8: 46030 | P8: 46022 | S8: Falcon | U8: 16 | W8: 2747 | X8: 2888 | Y8: 141 | Z8: 192 | AA8: OK | AF8: 493 | AI8: 70 | AJ8: 200 | AK8: 270 | AL8: 423 | AM8: 3 | AN8: 2 | AT8: 0 | BB8: NORMAL CPH | BC8: SAHARA | BE8: CAPTURED
A9: IHS_CBT_134M | B9: Kalulushi East | C9: GNM | D9: SAMUEL | E9: Copperbelt | F9: Mwenya Banda | G9: Chrispin Lindundu | I9: Outdoor | J9: Grid-Gen | M9: Green Field | O9: 46030 | P9: 46026 | S9: CK Works | U9: 20 | W9: 9634 | X9: 9657 | Y9: =X9-W9 -> 23 | Z9: =(O9-P9)*24 -> 96 | AA9: =IF(Y9>Z9,"inconsitent RH","OK") -> OK | AF9: 113 | AI9: 14 | AJ9: 100 | AK9: =AJ9+AI9 -> 114 | AL9: =AF9-AI9 -> 99 | AM9: =AL9/Y9 -> 4.3043478 | AN9: 2.5 | AT9: 0 | BB9: NORMAL CPH | BC9: SAHARA | BE9: CAPTURED
A10: IHS_CBT_251A | B10: Kitwe Railways | C10: GNM | D10: FACKSON | E10: Copperbelt | F10: Mwenya Banda | G10: Chrispin Lindundu | I10: Indoor | J10: Grid-Gen | M10: Green Field | O10: 46030 | P10: 46025 | S10: MPI | U10: 20 | W10: 0 | X10: 5 | Y10: 5 | Z10: 120 | AA10: OK | AF10: 160 | AI10: 138 | AJ10: 100 | AK10: 238 | AL10: 22 | AM10: 4.4 | AN10: 2.5 | AT10: 0 | BB10: NORMAL CPH | BC10: SAHARA | BE10: CAPTURED
A11: IHS_CBT_073M | B11: Cedrics Farm | C11: GNM | D11: FACKSON | E11: Copperbelt | F11: Mwenya Banda | G11: Chrispin Lindundu | I11: Outdoor | J11: Grid-Gen | M11: Green Field | O11: 46030 | P11: 46029 | S11: perkins | U11: 15 | W11: 18851 | X11: 18869 | Y11: =X11-W11 -> 18 | Z11: 24 | AA11: OK | AF11: 125 | AI11: 67 | AJ11: 200 | AK11: 267 | AL11: 58 | AM11: 3.2222222 | AN11: 1.8 | AT11: 0 | BB11: NORMAL CPH | BC11: SAHARA | BE11: CAPTURED
A12: IHS_CBT_081M | B12: Chamboli | C12: GNM | D12: FACKSON | E12: Copperbelt | F12: Mwenya Banda | G12: Chrispin Lindundu | I12: Indoor | J12: Grid-Gen | M12: Green Field | O12: 46030 | P12: 46029 | S12: Gen Logic | U12: 16 | W12: 19475 | X12: 19493 | Y12: 18 | Z12: 24 | AA12: OK | AF12: 152 | AI12: 105 | AJ12: 150 | AK12: 255 | AL12: 47 | AM12: 2.6111111 | AN12: 2 | AT12: 0 | BB12: NORMAL CPH | BC12: SAHARA | BE12: CAPTURED
A13: IHS_CBT_102M | B13: Richmond | C13: GNM | D13: FACKSON | E13: Copperbelt | F13: Mwenya Banda | G13: Chrispin Lindundu | I13: Indoor | J13: Grid-Gen | M13: Green Field | O13: 46030 | P13: 46006 | S13: Gen Logic | U13: 16 | W13: 3843 | X13: 3986 | Y13: 143 | Z13: 576 | AA13: OK | AF13: 656 | AI13: 52 | AJ13: 200 | AK13: 252 | AL13: 604 | AM13: 4.2237762 | AN13: 2 | AT13: 0 | BB13: NORMAL CPH | BC13: SAHARA | BE13: CAPTURED
A14: IHS_CBT_330A | B14: =IF(A14="","",VLOOKUP(A14,'IHS DATABASE'!C:D,2,0)) -> Funda Junction (Mumena_5) | C14: GNM | D14: KAMBOLE | E14: =IF(A14="","",VLOOKUP(A14,'IHS DATABASE'!C:G,5,0)) -> Copperbelt | F14: =IF(A14="","",VLOOKUP(A14,'IHS DATABASE'!C:AB,26,0)) -> Mwenya Banda | G14: =IF(A14="","",VLOOKUP(A14,'IHS DATABASE'!C:X,22,0)) -> Chrispin Lindundu | I14: =IF(A14="","",VLOOKUP(A14,'IHS DATABASE'!C:W,21,0)) -> Outdoor | J14: =IF(A14="","",VLOOKUP(A14,'IHS DATABASE'!C:T,18,0)) -> Grid-Gen | M14: =IF(A14="","",VLOOKUP(A14,'IHS DATABASE'!C:U,19,0)) -> Green Field | O14: 46030 | P14: 46030 | S14: =IF(A14="","",VLOOKUP(A14,'IHS DATABASE'!C:BG,30,0)) -> METCO | U14: =IF(A14="","",VLOOKUP(A14,'IHS DATABASE'!C:AG,31,0)) -> 15 | W14: faulty Controller | X14: Faulty Controller | Y14: =X14-W14 -> #VALUE! | Z14: =(O14-P14)*24 -> 0 | AA14: =IF(Y14>Z14,"inconsitent RH","OK") -> #VALUE! | AF14: =AJ14+AI14 -> 55 | AI14: 5 | AJ14: 50 | AK14: =AJ14+AI14 -> 55 | AL14: =AF14-AI14 -> 50 | AM14: =AL14/Y14 -> #VALUE! | AN14: =IF(A14="","",VLOOKUP(A14,'IHS DATABASE'!C:H,6,0)) -> 1.8 | AT14: =AR14-AS14 -> 0 | BB14: FAULTY CONTROLLER | BC14: SAHARA | BE14: CAPTURED
A15: IHS_CBT_113M | B15: Green Belt | C15: GNM | D15: JAULA | E15: Copperbelt | F15: Mwenya Banda | G15: Chrispin Lindundu | I15: Indoor | J15: Grid-Gen | M15: Green Field | O15: 46030 | P15: 46010 | S15: IMG | U15: 20 | W15: 11835 | X15: 11922 | Y15: 87 | Z15: 480 | AA15: OK | AF15: 771 | AI15: 255 | AJ15: 200 | AK15: 455 | AL15: 516 | AM15: 5.9310345 | AN15: 2.5 | AT15: 0 | BB15: NORMAL CPH | BC15: SAHARA | BE15: CAPTURED
A16: IHS_CBT_119M | B16: Lumumba | C16: GNM | D16: SAMUEL | E16: Copperbelt | F16: Mwenya Banda | G16: Chrispin Lindundu | I16: Indoor | J16: Grid-Gen | M16: Green Field | O16: 46030 | P16: 46361 | S16: Gen Logic | U16: 16 | W16: faulty Controller | X16: Faulty Controller | Y16: #VALUE! | Z16: -7944 | AA16: #VALUE! | AF16: 82 | AI16: 0 | AJ16: 200 | AK16: 200 | AL16: 82 | AM16: #VALUE! | AN16: 2 | AT16: 0 | BB16: FAULTY CONTROLLER | BC16: SAHARA | BE16: CAPTURED
A17: IHS_CBT_159M | B17: =IF(A17="","",VLOOKUP(A17,'IHS DATABASE'!C:D,2,0)) -> Chembe South | C17: GNM | D17: SAMUEL | E17: =IF(A17="","",VLOOKUP(A17,'IHS DATABASE'!C:G,5,0)) -> Copperbelt | F17: =IF(A17="","",VLOOKUP(A17,'IHS DATABASE'!C:AB,26,0)) -> Mwenya Banda | G17: =IF(A17="","",VLOOKUP(A17,'IHS DATABASE'!C:X,22,0)) -> Chrispin Lindundu | I17: =IF(A17="","",VLOOKUP(A17,'IHS DATABASE'!C:W,21,0)) -> Indoor | J17: =IF(A17="","",VLOOKUP(A17,'IHS DATABASE'!C:T,18,0)) -> Grid-Gen | M17: =IF(A17="","",VLOOKUP(A17,'IHS DATABASE'!C:U,19,0)) -> Green Field | O17: 46030 | P17: 46030 | S17: =IF(A17="","",VLOOKUP(A17,'IHS DATABASE'!C:BG,30,0)) -> Gen Logic | U17: =IF(A17="","",VLOOKUP(A17,'IHS DATABASE'!C:AG,31,0)) -> 20 | W17: faulty Controller | X17: Faulty Controller | Y17: =X17-W17 -> #VALUE! | Z17: =(O17-P17)*24 -> 0 | AA17: =IF(Y17>Z17,"inconsitent RH","OK") -> #VALUE! | AF17: =AJ17+AI17 -> 210 | AI17: 10 | AJ17: 200 | AK17: =AJ17+AI17 -> 210 | AL17: =AF17-AI17 -> 200 | AM17: =AL17/Y17 -> #VALUE! | AN17: =IF(A17="","",VLOOKUP(A17,'IHS DATABASE'!C:H,6,0)) -> 2.5 | AT17: =AR17-AS17 -> 0 | BB17: FAULTY CONTROLLER | BC17: SAHARA | BE17: CAPTURED
A18: IHS_CBT_233A | B18: CHIPULUKUSU | C18: GNM | D18: KAMBOLE | E18: Copperbelt | F18: Mwenya Banda | G18: Elvis Mumba | I18: Indoor | J18: Grid-Gen | M18: Green Field | O18: 46030 | P18: 46029 | S18: Earth Technology | U18: 15 | W18: 6447 | X18: 6462 | Y18: 15 | Z18: 24 | AA18: OK | AF18: 222 | AI18: 147 | AJ18: 200 | AK18: 347 | AL18: 75 | AM18: 5 | AN18: 1.8 | AT18: 0 | BB18: NORMAL CPH | BC18: SAHARA | BE18: CAPTURED
A19: IHS_CBT_267A | B19: KALULUSHI EAST | C19: GNM | D19: SAMUEL | E19: Copperbelt | F19: Mwenya Banda | G19: Chrispin Lindundu | I19: Indoor | J19: Grid-Gen | M19: Green Field | O19: 46030 | P19: 46021 | S19: Gen Logic | U19: 16 | W19: 15030 | X19: 15084 | Y19: 54 | Z19: 216 | AA19: OK | AF19: 247 | AI19: 20 | AJ19: 200 | AK19: 220 | AL19: 227 | AM19: 4.2037037 | AN19: 2 | AT19: 0 | BB19: NORMAL CPH | BC19: SAHARA | BE19: CAPTURED
A20: IHS_CBT_237A | B20: NKANA WEST | C20: GNM | D20: FACKSON | E20: Copperbelt | F20: Mwenya Banda | G20: Chrispin Lindundu | I20: Indoor | J20: Grid-Gen | M20: Green Field | O20: 46030 | P20: 46029 | S20: Earth technology | U20: 20 | W20: 13766 | X20: 13785 | Y20: 19 | Z20: 24 | AA20: OK | AF20: 220 | AI20: 145 | AJ20: 150 | AK20: 295 | AL20: 75 | AM20: 3.9473684 | AN20: 2.5 | AT20: 0 | BB20: NORMAL CPH | BC20: SAHARA | BE20: CAPTURED
A21: IHS_CBT_241A | B21: BULANGILILO | C21: GNM | D21: JAULA | E21: Copperbelt | F21: Mwenya Banda | G21: Chrispin Lindundu | I21: Outdoor | J21: Grid-Gen | M21: Green Field | O21: 46030 | P21: 46029 | S21: perkins | U21: 20 | W21: 4651 | X21: 4677 | Y21: 26 | Z21: 24 | AA21: inconsitent RH | AF21: 177 | AI21: 64 | AJ21: 150 | AK21: 214 | AL21: 113 | AM21: 4.3461538 | AN21: 2.5 | AT21: 0 | BB21: NORMAL CPH | BC21: SAHARA | BE21: CAPTURED
A22: IHS_CBT_301A | B22: CHIBULUMA TOWN | C22: GNM | D22: SAMUEL | E22: Copperbelt | F22: Mwenya Banda | G22: Chrispin Lindundu | I22: Indoor | J22: Grid-Gen | M22: Green Field | O22: 46030 | P22: 46361 | S22: Gen Logic | U22: 16 | W22: 11306 | X22: 11332 | Y22: 26 | Z22: -7944 | AA22: inconsitent RH | AF22: 106 | AI22: 5 | AJ22: 200 | AK22: 205 | AL22: 101 | AM22: 3.8846154 | AN22: 2 | AT22: 0 | BB22: NORMAL CPH | BC22: SAHARA | BE22: CAPTURED
A23: IHS_CBT_361A | B23: Mitengo TDRC | C23: GNM | D23: KAMBOLE | E23: Copperbelt | F23: Mwenya Banda | G23: Elvis Mumba | I23: Outdoor | J23: Grid-Gen | M23: Green Field | O23: 46030 | P23: 46029 | S23: CK Works | U23: 20 | W23: faulty Controller | X23: Faulty Controller | Y23: #VALUE! | Z23: 24 | AA23: #VALUE! | AF23: 157 | AI23: 96 | AJ23: 150 | AK23: 246 | AL23: 61 | AM23: #VALUE! | AN23: 2.5 | AT23: 0 | BB23: FAULTY CONTROLLER | BC23: SAHARA | BE23: CAPTURED
A24: IHS_CBT_373A | B24: ESTHER LUNGU SEC SCH | C24: GNM | D24: FACKSON | E24: #N/A | F24: #N/A | G24: #N/A | I24: #N/A | J24: #N/A | M24: #N/A | O24: 46030 | P24: 46025 | S24: #N/A | U24: #N/A | W24: 329 | X24: 406 | Y24: 77 | Z24: 120 | AA24: OK | AF24: 328 | AI24: 130 | AJ24: 150 | AK24: 280 | AL24: 198 | AM24: 2.5714286 | AN24: #N/A | AT24: 0 | BB24: NORMAL CPH | BC24: SAHARA | BE24: CAPTURED
A25: IHS_CBT_369A | B25: Buntungwa | C25: GNM | D25: ISAAC | E25: #N/A | F25: #N/A | G25: #N/A | I25: #N/A | J25: #N/A | M25: #N/A | O25: 46030 | P25: 46029 | S25: #N/A | U25: #N/A | W25: 755 | X25: 766 | Y25: =X25-W25 -> 11 | Z25: 24 | AA25: OK | AF25: 173 | AI25: 129 | AJ25: 200 | AK25: =AJ25+AI25 -> 329 | AL25: =AF25-AI25 -> 44 | AM25: =AL25/Y25 -> 4 | AN25: #N/A | AT25: 0 | BB25: NORMAL CPH | BC25: PUMA | BE25: CAPTURED
A26: IHS_CBT_370A | B26: KITWE WEST KAMAKONDE | C26: GNM | D26: SAMUEL | E26: #N/A | F26: #N/A | G26: #N/A | I26: #N/A | J26: #N/A | M26: #N/A | O26: 46030 | P26: 46024 | S26: #N/A | U26: #N/A | W26: 254 | X26: 373 | Y26: 119 | Z26: 144 | AA26: OK | AF26: 300 | AI26: 5 | AJ26: 200 | AK26: 205 | AL26: 295 | AM26: 2.4789916 | AN26: #N/A | AT26: 0 | BB26: NORMAL CPH | BC26: SAHARA | BE26: CAPTURED
A27: IHS_CBT_378A | B27: NDOLA HILLSIDE | C27: GNM | D27: ROYD | E27: #N/A | F27: #N/A | G27: #N/A | I27: #N/A | J27: #N/A | M27: #N/A | O27: 46030 | P27: 46022 | S27: #N/A | U27: #N/A | W27: 0 | X27: 73 | Y27: 73 | Z27: 192 | AA27: OK | AF27: 200 | AI27: 0 | AJ27: 200 | AK27: 200 | AL27: 200 | AM27: 2.739726 | AN27: #N/A | AT27: 0 | BB27: NORMAL CPH | BC27: SAHARA | BE27: CAPTURED
C28: =IF(A28="","",VLOOKUP(A28,'[3]IHS DATABASE'!C:AD,27,0)) | E28: =IF(A28="","",VLOOKUP(A28,'[3]IHS DATABASE'!C:G,5,0)) | F28: =IF(A28="","",VLOOKUP(A28,'[3]IHS DATABASE'!C:AB,26,0)) | G28: =IF(A28="","",VLOOKUP(A28,'[3]IHS DATABASE'!C:X,22,0)) | I28: =IF(A28="","",VLOOKUP(A28,'[3]IHS DATABASE'!C:W,21,0)) | J28: =IF(A28="","",VLOOKUP(A28,'[3]IHS DATABASE'!C:T,18,0)) | M28: =IF(A28="","",VLOOKUP(A28,'[3]IHS DATABASE'!C:U,19,0)) | S28: =IF(A28="","",VLOOKUP(A28,'[3]IHS DATABASE'!C:BG,30,0)) | U28: =IF(A28="","",VLOOKUP(A28,'[3]IHS DATABASE'!C:AG,31,0)) | Y28: =X28-W28 -> 0 | Z28: =(O28-P28)*24 -> 0 | AA28: =IF(Y28>Z28,"inconsitent RH","OK") -> OK | AK28: =AJ28+AI28 -> 0 | AL28: =AF28-AI28 -> 0 | AM28: =AL28/Y28 -> #DIV/0! | AN28: =IF(A28="","",VLOOKUP(A28,'[3]IHS DATABASE'!C:H,6,0)) | AT28: =AR28-AS28 -> 0
C29: =IF(A29="","",VLOOKUP(A29,'[3]IHS DATABASE'!C:AD,27,0)) | E29: =IF(A29="","",VLOOKUP(A29,'[3]IHS DATABASE'!C:G,5,0)) | F29: =IF(A29="","",VLOOKUP(A29,'[3]IHS DATABASE'!C:AB,26,0)) | G29: =IF(A29="","",VLOOKUP(A29,'[3]IHS DATABASE'!C:X,22,0)) | I29: =IF(A29="","",VLOOKUP(A29,'[3]IHS DATABASE'!C:W,21,0)) | J29: =IF(A29="","",VLOOKUP(A29,'[3]IHS DATABASE'!C:T,18,0)) | M29: =IF(A29="","",VLOOKUP(A29,'[3]IHS DATABASE'!C:U,19,0)) | S29: =IF(A29="","",VLOOKUP(A29,'[3]IHS DATABASE'!C:BG,30,0)) | U29: =IF(A29="","",VLOOKUP(A29,'[3]IHS DATABASE'!C:AG,31,0)) | Y29: =X29-W29 -> 0 | Z29: =(O29-P29)*24 -> 0 | AA29: =IF(Y29>Z29,"inconsitent RH","OK") -> OK | AK29: =AJ29+AI29 -> 0 | AL29: =AF29-AI29 -> 0 | AM29: =AL29/Y29 -> #DIV/0! | AN29: =IF(A29="","",VLOOKUP(A29,'[3]IHS DATABASE'!C:H,6,0)) | AT29: =AR29-AS29 -> 0
C30: =IF(A30="","",VLOOKUP(A30,'[3]IHS DATABASE'!C:AD,27,0)) | E30: =IF(A30="","",VLOOKUP(A30,'[3]IHS DATABASE'!C:G,5,0)) | F30: =IF(A30="","",VLOOKUP(A30,'[3]IHS DATABASE'!C:AB,26,0)) | G30: =IF(A30="","",VLOOKUP(A30,'[3]IHS DATABASE'!C:X,22,0)) | I30: =IF(A30="","",VLOOKUP(A30,'[3]IHS DATABASE'!C:W,21,0)) | J30: =IF(A30="","",VLOOKUP(A30,'[3]IHS DATABASE'!C:T,18,0)) | M30: =IF(A30="","",VLOOKUP(A30,'[3]IHS DATABASE'!C:U,19,0)) | S30: =IF(A30="","",VLOOKUP(A30,'[3]IHS DATABASE'!C:BG,30,0)) | U30: =IF(A30="","",VLOOKUP(A30,'[3]IHS DATABASE'!C:AG,31,0)) | Y30: =X30-W30 -> 0 | Z30: =(O30-P30)*24 -> 0 | AA30: =IF(Y30>Z30,"inconsitent RH","OK") -> OK | AK30: =AJ30+AI30 -> 0 | AL30: =AF30-AI30 -> 0 | AM30: =AL30/Y30 -> #DIV/0! | AN30: =IF(A30="","",VLOOKUP(A30,'[3]IHS DATABASE'!C:H,6,0)) | AT30: =AR30-AS30 -> 0
C31: =IF(A31="","",VLOOKUP(A31,'[3]IHS DATABASE'!C:AD,27,0)) | E31: =IF(A31="","",VLOOKUP(A31,'[3]IHS DATABASE'!C:G,5,0)) | F31: =IF(A31="","",VLOOKUP(A31,'[3]IHS DATABASE'!C:AB,26,0)) | G31: =IF(A31="","",VLOOKUP(A31,'[3]IHS DATABASE'!C:X,22,0)) | I31: =IF(A31="","",VLOOKUP(A31,'[3]IHS DATABASE'!C:W,21,0)) | J31: =IF(A31="","",VLOOKUP(A31,'[3]IHS DATABASE'!C:T,18,0)) | M31: =IF(A31="","",VLOOKUP(A31,'[3]IHS DATABASE'!C:U,19,0)) | S31: =IF(A31="","",VLOOKUP(A31,'[3]IHS DATABASE'!C:BG,30,0)) | U31: =IF(A31="","",VLOOKUP(A31,'[3]IHS DATABASE'!C:AG,31,0)) | Y31: =X31-W31 -> 0 | Z31: =(O31-P31)*24 -> 0 | AA31: =IF(Y31>Z31,"inconsitent RH","OK") -> OK | AK31: =AJ31+AI31 -> 0 | AL31: =AF31-AI31 -> 0 | AM31: =AL31/Y31 -> #DIV/0! | AN31: =IF(A31="","",VLOOKUP(A31,'[3]IHS DATABASE'!C:H,6,0)) | AT31: =AR31-AS31 -> 0
C32: =IF(A32="","",VLOOKUP(A32,'[3]IHS DATABASE'!C:AD,27,0)) | E32: =IF(A32="","",VLOOKUP(A32,'[3]IHS DATABASE'!C:G,5,0)) | F32: =IF(A32="","",VLOOKUP(A32,'[3]IHS DATABASE'!C:AB,26,0)) | G32: =IF(A32="","",VLOOKUP(A32,'[3]IHS DATABASE'!C:X,22,0)) | I32: =IF(A32="","",VLOOKUP(A32,'[3]IHS DATABASE'!C:W,21,0)) | J32: =IF(A32="","",VLOOKUP(A32,'[3]IHS DATABASE'!C:T,18,0)) | M32: =IF(A32="","",VLOOKUP(A32,'[3]IHS DATABASE'!C:U,19,0)) | S32: =IF(A32="","",VLOOKUP(A32,'[3]IHS DATABASE'!C:BG,30,0)) | U32: =IF(A32="","",VLOOKUP(A32,'[3]IHS DATABASE'!C:AG,31,0)) | Y32: =X32-W32 -> 0 | Z32: =(O32-P32)*24 -> 0 | AA32: =IF(Y32>Z32,"inconsitent RH","OK") -> OK | AK32: =AJ32+AI32 -> 0 | AL32: =AF32-AI32 -> 0 | AM32: =AL32/Y32 -> #DIV/0! | AN32: =IF(A32="","",VLOOKUP(A32,'[3]IHS DATABASE'!C:H,6,0)) | AT32: =AR32-AS32 -> 0
C33: =IF(A33="","",VLOOKUP(A33,'[3]IHS DATABASE'!C:AD,27,0)) | E33: =IF(A33="","",VLOOKUP(A33,'[3]IHS DATABASE'!C:G,5,0)) | F33: =IF(A33="","",VLOOKUP(A33,'[3]IHS DATABASE'!C:AB,26,0)) | G33: =IF(A33="","",VLOOKUP(A33,'[3]IHS DATABASE'!C:X,22,0)) | I33: =IF(A33="","",VLOOKUP(A33,'[3]IHS DATABASE'!C:W,21,0)) | J33: =IF(A33="","",VLOOKUP(A33,'[3]IHS DATABASE'!C:T,18,0)) | M33: =IF(A33="","",VLOOKUP(A33,'[3]IHS DATABASE'!C:U,19,0)) | S33: =IF(A33="","",VLOOKUP(A33,'[3]IHS DATABASE'!C:BG,30,0)) | U33: =IF(A33="","",VLOOKUP(A33,'[3]IHS DATABASE'!C:AG,31,0)) | Y33: =X33-W33 -> 0 | Z33: =(O33-P33)*24 -> 0 | AA33: =IF(Y33>Z33,"inconsitent RH","OK") -> OK | AK33: =AJ33+AI33 -> 0 | AL33: =AF33-AI33 -> 0 | AM33: =AL33/Y33 -> #DIV/0! | AN33: =IF(A33="","",VLOOKUP(A33,'[3]IHS DATABASE'!C:H,6,0)) | AT33: =AR33-AS33 -> 0
C34: =IF(A34="","",VLOOKUP(A34,'[3]IHS DATABASE'!C:AD,27,0)) | E34: =IF(A34="","",VLOOKUP(A34,'[3]IHS DATABASE'!C:G,5,0)) | F34: =IF(A34="","",VLOOKUP(A34,'[3]IHS DATABASE'!C:AB,26,0)) | G34: =IF(A34="","",VLOOKUP(A34,'[3]IHS DATABASE'!C:X,22,0)) | I34: =IF(A34="","",VLOOKUP(A34,'[3]IHS DATABASE'!C:W,21,0)) | J34: =IF(A34="","",VLOOKUP(A34,'[3]IHS DATABASE'!C:T,18,0)) | M34: =IF(A34="","",VLOOKUP(A34,'[3]IHS DATABASE'!C:U,19,0)) | S34: =IF(A34="","",VLOOKUP(A34,'[3]IHS DATABASE'!C:BG,30,0)) | U34: =IF(A34="","",VLOOKUP(A34,'[3]IHS DATABASE'!C:AG,31,0)) | Y34: =X34-W34 -> 0 | Z34: =(O34-P34)*24 -> 0 | AA34: =IF(Y34>Z34,"inconsitent RH","OK") -> OK | AK34: =AJ34+AI34 -> 0 | AL34: =AF34-AI34 -> 0 | AM34: =AL34/Y34 -> #DIV/0! | AN34: =IF(A34="","",VLOOKUP(A34,'[3]IHS DATABASE'!C:H,6,0)) | AT34: =AR34-AS34 -> 0
C35: =IF(A35="","",VLOOKUP(A35,'[3]IHS DATABASE'!C:AD,27,0)) | E35: =IF(A35="","",VLOOKUP(A35,'[3]IHS DATABASE'!C:G,5,0)) | F35: =IF(A35="","",VLOOKUP(A35,'[3]IHS DATABASE'!C:AB,26,0)) | G35: =IF(A35="","",VLOOKUP(A35,'[3]IHS DATABASE'!C:X,22,0)) | I35: =IF(A35="","",VLOOKUP(A35,'[3]IHS DATABASE'!C:W,21,0)) | J35: =IF(A35="","",VLOOKUP(A35,'[3]IHS DATABASE'!C:T,18,0)) | M35: =IF(A35="","",VLOOKUP(A35,'[3]IHS DATABASE'!C:U,19,0)) | S35: =IF(A35="","",VLOOKUP(A35,'[3]IHS DATABASE'!C:BG,30,0)) | U35: =IF(A35="","",VLOOKUP(A35,'[3]IHS DATABASE'!C:AG,31,0)) | Y35: =X35-W35 -> 0 | Z35: =(O35-P35)*24 -> 0 | AA35: =IF(Y35>Z35,"inconsitent RH","OK") -> OK | AK35: =AJ35+AI35 -> 0 | AL35: =AF35-AI35 -> 0 | AM35: =AL35/Y35 -> #DIV/0! | AN35: =IF(A35="","",VLOOKUP(A35,'[3]IHS DATABASE'!C:H,6,0)) | AT35: =AR35-AS35 -> 0
C36: =IF(A36="","",VLOOKUP(A36,'[3]IHS DATABASE'!C:AD,27,0)) | E36: =IF(A36="","",VLOOKUP(A36,'[3]IHS DATABASE'!C:G,5,0)) | F36: =IF(A36="","",VLOOKUP(A36,'[3]IHS DATABASE'!C:AB,26,0)) | G36: =IF(A36="","",VLOOKUP(A36,'[3]IHS DATABASE'!C:X,22,0)) | I36: =IF(A36="","",VLOOKUP(A36,'[3]IHS DATABASE'!C:W,21,0)) | J36: =IF(A36="","",VLOOKUP(A36,'[3]IHS DATABASE'!C:T,18,0)) | M36: =IF(A36="","",VLOOKUP(A36,'[3]IHS DATABASE'!C:U,19,0)) | S36: =IF(A36="","",VLOOKUP(A36,'[3]IHS DATABASE'!C:BG,30,0)) | U36: =IF(A36="","",VLOOKUP(A36,'[3]IHS DATABASE'!C:AG,31,0)) | Y36: =X36-W36 -> 0 | Z36: =(O36-P36)*24 -> 0 | AA36: =IF(Y36>Z36,"inconsitent RH","OK") -> OK | AK36: =AJ36+AI36 -> 0 | AL36: =AF36-AI36 -> 0 | AM36: =AL36/Y36 -> #DIV/0! | AN36: =IF(A36="","",VLOOKUP(A36,'[3]IHS DATABASE'!C:H,6,0)) | AT36: =AR36-AS36 -> 0
C37: =IF(A37="","",VLOOKUP(A37,'[3]IHS DATABASE'!C:AD,27,0)) | E37: =IF(A37="","",VLOOKUP(A37,'[3]IHS DATABASE'!C:G,5,0)) | F37: =IF(A37="","",VLOOKUP(A37,'[3]IHS DATABASE'!C:AB,26,0)) | G37: =IF(A37="","",VLOOKUP(A37,'[3]IHS DATABASE'!C:X,22,0)) | I37: =IF(A37="","",VLOOKUP(A37,'[3]IHS DATABASE'!C:W,21,0)) | J37: =IF(A37="","",VLOOKUP(A37,'[3]IHS DATABASE'!C:T,18,0)) | M37: =IF(A37="","",VLOOKUP(A37,'[3]IHS DATABASE'!C:U,19,0)) | S37: =IF(A37="","",VLOOKUP(A37,'[3]IHS DATABASE'!C:BG,30,0)) | U37: =IF(A37="","",VLOOKUP(A37,'[3]IHS DATABASE'!C:AG,31,0)) | Y37: =X37-W37 -> 0 | Z37: =(O37-P37)*24 -> 0 | AA37: =IF(Y37>Z37,"inconsitent RH","OK") -> OK | AK37: =AJ37+AI37 -> 0 | AL37: =AF37-AI37 -> 0 | AM37: =AL37/Y37 -> #DIV/0! | AN37: =IF(A37="","",VLOOKUP(A37,'[3]IHS DATABASE'!C:H,6,0)) | AT37: =AR37-AS37 -> 0
C38: =IF(A38="","",VLOOKUP(A38,'[3]IHS DATABASE'!C:AD,27,0)) | E38: =IF(A38="","",VLOOKUP(A38,'[3]IHS DATABASE'!C:G,5,0)) | F38: =IF(A38="","",VLOOKUP(A38,'[3]IHS DATABASE'!C:AB,26,0)) | G38: =IF(A38="","",VLOOKUP(A38,'[3]IHS DATABASE'!C:X,22,0)) | I38: =IF(A38="","",VLOOKUP(A38,'[3]IHS DATABASE'!C:W,21,0)) | J38: =IF(A38="","",VLOOKUP(A38,'[3]IHS DATABASE'!C:T,18,0)) | M38: =IF(A38="","",VLOOKUP(A38,'[3]IHS DATABASE'!C:U,19,0)) | S38: =IF(A38="","",VLOOKUP(A38,'[3]IHS DATABASE'!C:BG,30,0)) | U38: =IF(A38="","",VLOOKUP(A38,'[3]IHS DATABASE'!C:AG,31,0)) | Y38: =X38-W38 -> 0 | Z38: =(O38-P38)*24 -> 0 | AA38: =IF(Y38>Z38,"inconsitent RH","OK") -> OK | AK38: =AJ38+AI38 -> 0 | AL38: =AF38-AI38 -> 0 | AM38: =AL38/Y38 -> #DIV/0! | AN38: =IF(A38="","",VLOOKUP(A38,'[3]IHS DATABASE'!C:H,6,0)) | AT38: =AR38-AS38 -> 0
C39: =IF(A39="","",VLOOKUP(A39,'[3]IHS DATABASE'!C:AD,27,0)) | E39: =IF(A39="","",VLOOKUP(A39,'[3]IHS DATABASE'!C:G,5,0)) | F39: =IF(A39="","",VLOOKUP(A39,'[3]IHS DATABASE'!C:AB,26,0)) | G39: =IF(A39="","",VLOOKUP(A39,'[3]IHS DATABASE'!C:X,22,0)) | I39: =IF(A39="","",VLOOKUP(A39,'[3]IHS DATABASE'!C:W,21,0)) | J39: =IF(A39="","",VLOOKUP(A39,'[3]IHS DATABASE'!C:T,18,0)) | M39: =IF(A39="","",VLOOKUP(A39,'[3]IHS DATABASE'!C:U,19,0)) | S39: =IF(A39="","",VLOOKUP(A39,'[3]IHS DATABASE'!C:BG,30,0)) | U39: =IF(A39="","",VLOOKUP(A39,'[3]IHS DATABASE'!C:AG,31,0)) | Y39: =X39-W39 -> 0 | Z39: =(O39-P39)*24 -> 0 | AA39: =IF(Y39>Z39,"inconsitent RH","OK") -> OK | AK39: =AJ39+AI39 -> 0 | AL39: =AF39-AI39 -> 0 | AM39: =AL39/Y39 -> #DIV/0! | AN39: =IF(A39="","",VLOOKUP(A39,'[3]IHS DATABASE'!C:H,6,0)) | AT39: =AR39-AS39 -> 0
... C2017: =IF(A2017="","",VLOOKUP(A2017,'[3]IHS DATABASE'!C:AD,27,0)) | E2017: =IF(A2017="","",VLOOKUP(A2017,'[3]IHS DATABASE'!C:G,5,0)) | F2017: =IF(A2017="","",VLOOKUP(A2017,'[3]IHS DATABASE'!C:AB,26,0)) | G2017: =IF(A2017="","",VLOOKUP(A2017,'[3]IHS DATABASE'!C:X,22,0)) | I2017: =IF(A2017="","",VLOOKUP(A2017,'[3]IHS DATABASE'!C:W,21,0)) | J2017: =IF(A2017="","",VLOOKUP(A2017,'[3]IHS DATABASE'!C:T,18,0)) | M2017: =IF(A2017="","",VLOOKUP(A2017,'[3]IHS DATABASE'!C:U,19,0)) | S2017: =IF(A2017="","",VLOOKUP(A2017,'[3]IHS DATABASE'!C:BG,30,0)) | U2017: =IF(A2017="","",VLOOKUP(A2017,'[3]IHS DATABASE'!C:AG,31,0)) | Y2017: =X2017-W2017 -> 0 | Z2017: =(O2017-P2017)*24 -> 0 | AA2017: =IF(Y2017>Z2017,"inconsitent RH","OK") -> OK | AK2017: =AJ2017+AI2017 -> 0 | AL2017: =AF2017-AI2017 -> 0 | AM2017: =AL2017/Y2017 -> #DIV/0! | AN2017: =IF(A2017="","",VLOOKUP(A2017,'[3]IHS DATABASE'!C:H,6,0)) | AT2017: =AR2017-AS2017 -> 0
BF2018: OK
BF2019: OK
BF2020: OK
BF2021: OK
BF2022: OK
BF2023: OK
BF2024: OK
BF2025: OK
BF2026: OK
BF2027: OK
BF2028: OK
BF2029: OK
... BF5260: OK

Sheet IHS DATABASE
A1: # | B1: Client ID | C1: Site ID | D1: Site Name | E1: Longitude | F1: Latitude | G1: Region | H1: Manufacturers CPH | I1: State | J1: District | K1: Liquid Fiber (Y/N) | L1: MTN Fiber (Y/N) | M1: Airtel Fiber (Y/N) | N1: Demo. Classification | O1: Technology | P1: Site Classification 2. (Platinum/Gold/Silver) | Q1: TIS Priority | R1: TIS | S1: Tower Status | T1: Power Topology | U1: Tower Type | V1: Tower Height (m) | W1: Site Configuration (Indoor/Outdoor) | X1: zu | Y1: Maintenance Technician Inhouse | Z1: Refueling Technician Inhouse | AA1: MNO | AB1: RM | AC1: Subcon | AD1: Refuelling Subcon | AE1: Assembler | AF1: Gen Make | AG1: Gen Capacity (KVA) | AH1: Engine Brand | AI1: Engine Model | AJ1: Alternator Brand | AK1: Alternator Model | AL1: Tank Size (L) | AM1: Rectifier Brand | AN1: Rectifier Model | AO1: Rectifier Capacity (A) | AP1: Battery Brand | AQ1: Site Battery Capcity | AR1: One Battery Voltage (V) | AS1: One Battery Amperage (AH) | AT1: Number of batteries | AU1: Aircon 1 Brand | AV1: Aircon 2 Brand | AW1: Capacity (BTU) ac1 | AX1: Capacity (BTU)ac2 | AY1: Number of Aircons | AZ1: Total DC loads (A) | BA1: Total DC load (KW) | BB1: No. of tenants on site | BC1: Tenants on site | BD1: MTN Site ID | BE1: AIRTEL Site ID | BF1: Fire Extinguisher (yes/No) | BG1: Fire Extinguisher service date | BH1: Security light(working/not working) | BI1: palisade/mesh | BJ1: Inala/Netco | BK1: Date Updated | BL1: BUB requirements | BM1: BUB allocated | BN1: Idle BUB | BO1: BUB collected | BP1: region offices | BQ1: Remarks | BR1: status | BS1: BUB installation Date | BT1: Mains Rectifier | BU1: hauwei solar | BV1: DG Swaps | BW1: Idle DGs | BX1: DGs collected | BY1: Allocation | BZ1: Reccommended DG capacity ( KVA ) | CA1: date installed | CB1: Status | CC1: Average Solar/Hybrid Running Hours (hrs per day, for last quarter period) | CD1: Average Grid (hrs per day, for last quarter period) | CE1: Average Generator Running Hours (hrs per day, for last quarter period) | CF1: Remarks | CG1: Comment
A2: 1 | C2: IHS_LSK_477A | D2: New Kenneth Kaunda International Airport | E2: 28.4493 | F2: -15.3257 | G2: Lusaka | H2: #N/A | I2: Lusaka | J2: Lusaka | K2: No | L2: No | M2: No | N2: Rural | O2: Silver | P2: Silver | Q2: BTS | R2: BTS | S2: On Air | T2: Grid only | U2: Green Field | V2: RT | W2: Outdoor | X2: Kennedy Mwansa | Y2: N/A | Z2: N/A | AA2: Airtel | AB2: Evans Ngonga | AC2: In House | AD2: In House | AE2: perkins | AL2: N/A | AM2: Power cube | AP2: Lithium | AQ2: 100 | AR2: 48 | AS2: 100 | AT2: 2 | AU2: N/A | AV2: N/A | AW2: N/A | AX2: N/A | AY2: N/A | AZ2: 32 | CG2: IHS_LSK_477A
A3: 624 | B3: T3299 | C3: IHS_CBT_001M | D3: Kanini | E3: 28.6277 | F3: -12.97624 | G3: Copperbelt | H3: 2.5 | I3: COPPERBELT | J3: NDOLA | K3: Yes | L3: Yes | M3: No | N3: Urban | O3: 2G 3G 4G | P3: P3 | Q3: BTS | R3: BTS | S3: On Air | T3: Grid-Gen | U3: Green Field | V3: 60 | W3: Outdoor | X3: Elvis Mumba | Y3: SBC | Z3: SBC | AA3: MTN | AB3: Mwenya Banda | AC3: GNM | AD3: GNM | AE3: IMG | AF3: IMG | AG3: 20 | AH3: perkins | AI3: 0 | AJ3: Leroy Sommer | AK3: 0 | AL3: 600 | AM3: Power cube | AN3: ICC330-H1-C1 | AO3: 400 | AP3: Lithium | AQ3: 400 | AR3: 48 | AS3: 100 | AT3: =AQ3/AS3 -> 4 | AU3: N/A | AV3: N/A | AW3: N/A | AX3: n/a | AY3: N/A | AZ3: 116.4 | BA3: 0 | BB3: 3 | BC3: MTNAirtelLiquid Telecom | BD3: T3299 | BE3: ZM6957 | BF3: yes | BH3: 0 | BI3: Palisade | BJ3: Inala | BK3: 44778 | BL3: No | BM3: No | BT3: No | BU3: No | BV3: No | BY3: n/a | BZ3: n/a | CB3: n/a | CG3: IHS_CBT_001M
A4: 408 | B4: T3202 | D4: Hillcrest | E4: 28.61934 | F4: -12.98005 | G4: Copperbelt | H4: 2.5 | I4: COPPERBELT | J4: NDOLA | K4: Yes | L4: Yes | M4: No | N4: Urban | O4: 2G 3G | P4: P4 | Q4: BTS | R4: BTS | S4: On Air | T4: Grid-Gen | U4: Green Field | V4: 36 | W4: Indoor | X4: Elvis Mumba | Y4: SBC | Z4: SBC | AA4: MTN | AB4: Mwenya Banda | AC4: GNM | AD4: GNM | AE4: GL Yanmar | AF4: GL Yanmar | AG4: 20 | AH4: Yanmar | AI4: 4TNE | AJ4: Mecc Alte | AK4: 0 | AL4: 750 | AM4: Delta | AN4: DPS 2400B-48-5 | AO4: 250 | AP4: Wolong | AQ4: 600 | AR4: 2 | AS4: 600 | AT4: 24 | AU4: samsung | AV4: samsung | AW4: 18000 | AX4: 18000 | AY4: 2 | AZ4: 68.2 | BA4: 0 | BB4: 2 | BC4: MTNAirtel | BD4: T3202 | BE4: ZM0404 | BF4: yes | BH4: 0 | BI4: Palisade | BJ4: Inala | BK4: 44778 | BL4: No | BM4: No | BT4: No | BU4: No | BV4: No | BY4: n/a | BZ4: n/a | CB4: n/a | CG4: IHS_CBT_002M
A5: 1721 | B5: T3023 | C5: IHS_CBT_003M | D5: Swimming Pool | E5: 28.63875 | F5: -12.973283 | G5: Copperbelt | H5: 4.5 | I5: COPPERBELT | J5: NDOLA | K5: Yes | L5: Yes | M5: No | N5: Urban | O5: 2G 3G 4G | P5: P2 | Q5: BTS | R5: BB | S5: On Air | T5: Grid-Gen | U5: Green Field | V5: 60 | W5: Indoor | X5: Elvis Mumba | Y5: SBC | Z5: SBC | AA5: MTN | AB5: Mwenya Banda | AC5: GNM | AD5: GNM | AE5: CK Works | AF5: CK Works | AG5: 30 | AH5: perkins | AI5: DJ83400S | AJ5: Leroy Sommer | AK5: 0 | AL5: 1000 | AM5: Power cube | AN5: ICC330-H1-C1 | AO5: 400 | AP5: NARADA | AQ5: 1200 | AR5: 2 | AS5: 600 | AT5: 48 | AU5: LG | AV5: LG | AW5: 18000 | AX5: 18000 | AY5: 2 | AZ5: 135 | BA5: 0 | BB5: 2 | BC5: MTNAir-link | BD5: T3023 | BE5: 0 | BF5: yes | BH5: Yes | BI5: Palisade | BJ5: Inala | BK5: 44778 | BL5: No | BM5: No | BT5: No | BU5: No | BV5: No | BY5: n/a | BZ5: n/a | CB5: n/a | CG5: IHS_CBT_003M
A6: 1420 | B6: T3323 | C6: IHS_CBT_004M | D6: Ndola T. Centre | E6: 28.63965 | F6: -12.96452 | G6: Copperbelt | H6: 2.5 | I6: COPPERBELT | J6: NDOLA | K6: Yes | L6: No | M6: No | N6: Urban | O6: 2G 3G 4G | P6: P2 | Q6: BTS | R6: HUB | S6: On Air | T6: Grid-Gen | U6: Green Field | V6: 36 | W6: Outdoor | X6: Elvis Mumba | Y6: SBC | Z6: SBC | AA6: MTN | AB6: Mwenya Banda | AC6: GNM | AD6: GNM | AE6: Falcon | AF6: Falcon | AG6: 20 | AH6: perkins | AI6: GV 51790V | AJ6: Leroy Sommer | AK6: 0 | AL6: 600 | AM6: Power cube | AN6: ICC330-H1-C1 | AO6: 400 | AP6: NARADA | AQ6: 600 | AR6: 2 | AS6: 600 | AT6: 24 | AU6: N/A | AV6: N/A | AW6: N/A | AX6: n/a | AY6: N/A | AZ6: 98 | BA6: 0 | BB6: 3 | BC6: MTNAirtelLiquid Telecom | BD6: T3323 | BE6: ZM0243 | BF6: yes | BH6: 0 | BI6: Palisade | BJ6: Inala | BK6: 44778 | BL6: No | BM6: No | BT6: No | BU6: No | BV6: No | BY6: n/a | BZ6: n/a | CB6: n/a | CG6: IHS_CBT_004M
A7: 1548 | B7: T3022 | C7: IHS_CBT_005M | D7: Premium Plaza | E7: 28.6305 | F7: -12.958567 | G7: Copperbelt | H7: N/A | I7: COPPERBELT | J7: NDOLA | K7: Yes | L7: No | M7: No | N7: Urban | O7: 2G 3G 4G | P7: P2 | Q7: BTS | R7: BTS | S7: On Air | T7: Grid-Gen | U7: Roof Top | V7: RT | W7: Indoor | X7: Elvis Mumba | Y7: SBC | Z7: SBC | AA7: MTN | AB7: Mwenya Banda | AC7: CCS | AD7: In House | AE7: N/A | AF7: N/A | AG7: N/A | AH7: N/A | AI7: N/A | AJ7: N/A | AK7: N/A | AL7: N/A | AM7: Delta | AN7: DPS 2400B-48-5 | AO7: 250 | AP7: Lithium | AQ7: 300 | AR7: 48 | AS7: 100 | AT7: =AQ7/AS7 -> 3 | AU7: LG | AV7: LG | AW7: 18000 | AX7: 18000 | AY7: 2 | AZ7: 66 | BA7: 0 | BB7: 2 | BC7: MTNLiquid Telecom | BD7: T3022 | BE7: 0 | BF7: yes | BH7: 0 | BI7: Palisade | BJ7: Inala | BK7: 44778 | BL7: No | BM7: No | BT7: No | BU7: No | BV7: No | BY7: n/a | BZ7: n/a | CB7: n/a | CG7: IHS_CBT_005M
A8: 872 | B8: T3352 | C8: IHS_CBT_006M | D8: Lubuto Central | E8: 28.62047 | F8: -12.99595 | G8: Copperbelt | H8: 1.8 | I8: COPPERBELT | J8: NDOLA | K8: No | L8: Yes | M8: No | N8: Suburban | O8: 2G 3G | P8: P3 | Q8: BTS | R8: BTS | S8: On Air | T8: Grid-Gen | U8: Green Field | V8: 36 | W8: Outdoor | X8: Elvis Mumba | Y8: SBC | Z8: SBC | AA8: MTN | AB8: Mwenya Banda | AC8: GNM | AD8: GNM | AE8: Lamasat | AF8: Lamasat | AG8: 15 | AH8: perkins | AI8: 0 | AJ8: Leroy Sommer | AK8: 0 | AL8: 600 | AM8: Power cube | AN8: ICC330-HA1-C10 | AO8: 250 | AP8: Lithium | AQ8: 200 | AR8: 48 | AS8: 100 | AT8: =AQ8/AS8 -> 2 | AU8: N/A | AV8: N/A | AW8: N/A | AX8: n/a | AY8: N/A | AZ8: 88 | BA8: 0 | BB8: 1 | BC8: MTN | BD8: T3352 | BE8: 0 | BF8: yes | BH8: 0 | BI8: Palisade | BJ8: Inala | BK8: 44778 | BL8: No | BM8: No | BT8: No | BU8: No | BV8: No | BY8: n/a | BZ8: n/a | CB8: n/a | CG8: IHS_CBT_006M
A9: 1153 | B9: T3218 | C9: IHS_CBT_007M | D9: Mpelembe House | E9: 28.649749 | F9: -12.968242 | G9: Copperbelt | H9: 1.8 | I9: COPPERBELT | J9: NDOLA | K9: No | L9: Yes | M9: No | N9: Urban | O9: 2G 3G 4G | P9: P2 | Q9: BTS | R9: BTS | S9: On Air | T9: Grid-Gen | U9: Roof Top | V9: RT | W9: Outdoor | X9: Elvis Mumba | Y9: SBC | Z9: SBC | AA9: MTN | AB9: Mwenya Banda | AC9: GNM | AD9: GNM | AE9: Lamasat | AF9: Lamasat | AG9: 15 | AH9: perkins | AI9: 0 | AJ9: Leroy Sommer | AK9: 0 | AL9: 600 | AM9: Emerson | AN9: 701 IG4 | AO9: 300 | AP9: Lithium | AQ9: 300 | AR9: 48 | AS9: 100 | AT9: =AQ9/AS9 -> 3 | AU9: N/A | AV9: N/A | AW9: N/A | AX9: n/a | AY9: N/A | AZ9: 58 | BA9: 0 | BB9: 1 | BC9: MTN | BD9: T3218 | BE9: 0 | BF9: 0 | BH9: 0 | BI9: Palisade | BJ9: Inala | BK9: 44778 | BL9: No | BM9: No | BT9: No | BU9: No | BV9: No | BY9: n/a | BZ9: n/a | CB9: n/a | CG9: IHS_CBT_007M
A10: 1028 | B10: T3198 | C10: IHS_CBT_008M | D10: Masala | E10: 28.644711 | F10: -12.99421 | G10: Copperbelt | H10: 2 | I10: COPPERBELT | J10: NDOLA | K10: Yes | L10: No | M10: No | N10: Suburban | O10: 2G 3G 4G | P10: P1 | Q10: BTS | R10: BTS | S10: On Air | T10: Grid-Gen | U10: Green Field | V10: 36 | W10: Indoor | X10: Elvis Mumba | Y10: SBC | Z10: SBC | AA10: MTN | AB10: Mwenya Banda | AC10: GNM | AD10: GNM | AE10: Generator City | AF10: Generator City | AG10: 13 | AH10: Yanmar | AI10: 3TNE88-G1A | AJ10: ALPHAGEN | AK10: 0 | AL10: 600 | AM10: Delta | AN10: DPS 2400B-48-5 | AO10: 250 | AP10: NARADA | AQ10: 600 | AR10: 2 | AS10: 600 | AT10: 24 | AU10: LG | AV10: LG | AW10: 18000 | AX10: 18000 | AY10: 2 | AZ10: 110 | BA10: 0 | BB10: 1 | BC10: MTN | BD10: T3198 | BE10: 0 | BF10: yes | BH10: 0 | BI10: Palisade | BJ10: Inala | BK10: 44778 | BL10: No | BM10: No | BT10: No | BU10: No | BV10: No | BY10: n/a | BZ10: n/a | CB10: n/a | CG10: IHS_CBT_008M
A11: 1730 | B11: T3024 | C11: IHS_CBT_009M | D11: Tazama Building | E11: 28.652017 | F11: -12.969333 | G11: Copperbelt | H11: 2 | I11: COPPERBELT | J11: NDOLA | K11: No | L11: No | M11: No | N11: Urban | O11: 2G 3G 4G | P11: P2 | Q11: BTS | R11: BTS | S11: On Air | T11: Grid-Gen | U11: Roof Top | V11: RT | W11: Indoor | X11: Elvis Mumba | Y11: SBC | Z11: SBC | AA11: MTN | AB11: Mwenya Banda | AC11: GNM | AD11: GNM | AE11: IMG | AF11: IMG | AG11: 16 | AH11: perkins | AI11: 0 | AJ11: Leroy Sommer | AK11: 0 | AL11: 600 | AM11: Delta | AN11: DPS 2400B-48-5 | AO11: 250 | AP11: Lithium | AQ11: 400 | AR11: 48 | AS11: 100 | AT11: =AQ11/AS11 -> 4 | AU11: LG | AV11: LG | AW11: 18000 | AX11: 18000 | AY11: 2 | AZ11: 80 | BA11: 0 | BB11: 1 | BC11: MTN | BD11: T3024 | BE11: 0 | BF11: 0 | BH11: 0 | BI11: Palisade | BJ11: Inala | BK11: 44778 | BL11: No | BM11: No | BT11: No | BU11: No | BV11: No | BY11: n/a | BZ11: n/a | CB11: n/a | CG11: IHS_CBT_009M
A12: 488 | B12: T3084 | C12: IHS_CBT_010M | D12: Kabushi | E12: 28.628467 | F12: -13.001686 | G12: Copperbelt | H12: 2.5 | I12: COPPERBELT | J12: NDOLA | K12: No | L12: Yes | M12: No | N12: Suburban | O12: 2G 3G | P12: P1 | Q12: BTS | R12: BB | S12: On Air | T12: Grid-Gen | U12: Green Field | V12: 54 | W12: Indoor | X12: Elvis Mumba | Y12: SBC | Z12: SBC | AA12: MTN | AB12: Mwenya Banda | AC12: GNM | AD12: GNM | AE12: IMG | AF12: IMG | AG12: 15 | AH12: perkins | AI12: 0 | AJ12: Leroy Sommer | AK12: 0 | AL12: 600 | AM12: Power cube | AN12: ICC330-H1-C1 | AO12: 400 | AP12: Lithium | AQ12: 400 | AR12: 48 | AS12: 100 | AT12: =AQ12/AS12 -> 4 | AU12: LG | AV12: LG | AW12: 18000 | AX12: 18000 | AY12: 2 | AZ12: 125 | BA12: 0 | BB12: 1 | BC12: MTN | BD12: T3084 | BE12: 0 | BF12: yes | BH12: 0 | BI12: Palisade | BJ12: Inala | BK12: 44778 | BL12: No | BM12: No | BT12: No | BU12: No | BV12: No | BY12: n/a | BZ12: n/a | CB12: n/a | CG12: IHS_CBT_010M
A13: 1132 | B13: T3353 | C13: IHS_CBT_011M | D13: Monkey Mountain | E13: 28.60197 | F13: -12.97737 | G13: Copperbelt | H13: 2 | I13: COPPERBELT | J13: NDOLA | K13: Yes | L13: No | M13: No | N13: Urban | O13: 2G 3G | P13: P4 | Q13: BTS | R13: BTS | S13: On Air | T13: Grid-Gen | U13: Green Field | V13: 40 | W13: Outdoor | X13: Elvis Mumba | Y13: SBC | Z13: SBC | AA13: MTN | AB13: Mwenya Banda | AC13: GNM | AD13: GNM | AE13: Green Power | AF13: Green Power | AG13: 16 | AH13: perkins | AI13: 0 | AJ13: Mecc Alte | AK13: 0 | AL13: 600 | AM13: Power cube | AN13: ICC330-HA1-C10 | AO13: 250 | AP13: Power safe | AQ13: 1200 | AR13: 2 | AS13: 1200 | AT13: 24 | AU13: N/A | AV13: N/A | AW13: N/A | AX13: n/a | AY13: N/A | AZ13: 118 | BA13: 0 | BB13: 3 | BC13: MTNAirtelLiquid Telecom | BD13: T3353 | BE13: ZM0403 | BF13: yes | BH13: 0 | BI13: Palisade | BJ13: Inala | BK13: 44778 | BL13: No | BM13: No | BT13: No | BU13: No | BV13: No | BY13: n/a | BZ13: n/a | CB13: n/a | CG13: IHS_CBT_011M
A14: 440 | B14: T3354 | C14: IHS_CBT_012M | D14: Itawa West | E14: 28.65328 | F14: -12.98349 | G14: Copperbelt | H14: 2.5 | I14: COPPERBELT | J14: NDOLA | K14: No | L14: Yes | M14: No | N14: Urban | O14: 2G 3G | P14: P3 | Q14: BTS | R14: BTS | S14: On Air | T14: Grid-Gen | U14: Green Field | V14: 36 | W14: Outdoor | X14: Elvis Mumba | Y14: SBC | Z14: SBC | AA14: MTN | AB14: Mwenya Banda | AC14: GNM | AD14: GNM | AE14: Lamasat | AF14: Lamasat | AG14: 20 | AH14: perkins | AI14: 0 | AJ14: Leroy Sommer | AK14: 0 | AL14: 600 | AM14: Delta | AN14: DPS 2400B-48-5 | AO14: 250 | AP14: Wolong | AQ14: 600 | AR14: 2 | AS14: 600 | AT14: 24 | AU14: N/A | AV14: N/A | AW14: N/A | AX14: n/a | AY14: N/A | AZ14: 70 | BA14: 0 | BB14: 1 | BC14: MTN | BD14: T3354 | BE14: 0 | BF14: yes | BH14: 0 | BI14: Palisade | BJ14: Inala | BK14: 44778 | BL14: No | BM14: No | BT14: No | BU14: No | BV14: No | BY14: n/a | BZ14: n/a | CB14: n/a | CG14: IHS_CBT_012M
A15: 337 | B15: T3211 | C15: IHS_CBT_013M | D15: Dola Hill | E15: 28.6059 | F15: -12.95727 | G15: Copperbelt | H15: 4.5 | I15: COPPERBELT | J15: NDOLA | K15: Yes | L15: Yes | M15: No | N15: Urban | O15: 2G 3G 4G | P15: P3 | Q15: HUB | R15: BB | S15: On Air | T15: Grid-Gen | U15: Green Field | V15: 80 | W15: Indoor | X15: Elvis Mumba | Y15: SBC | Z15: SBC | AA15: MTN | AB15: Mwenya Banda | AC15: GNM | AD15: GNM | AE15: Himoinsa | AF15: Himoinsa | AG15: 30 | AH15: Yanmar | AI15: 4TNV | AJ15: HIMOINSA | AK15: SK 160 LB | AL15: 1000 | AM15: Power cube | AN15: ICC330-H1-C1 | AO15: 400 | AP15: Agisson | AQ15: 1200 | AR15: 2 | AS15: 600 | AT15: 48 | AU15: LG | AV15: LG | AW15: 18000 | AX15: 18000 | AY15: 2 | AZ15: 175 | BA15: 0 | BB15: 2 | BC15: MTNAirtel | BD15: T3211 | BE15: ZM3962 | BF15: yes | BH15: 0 | BI15: Palisade | BJ15: Inala | BK15: 44778 | BL15: No | BM15: No | BT15: No | BU15: No | BV15: No | BY15: n/a | BZ15: n/a | CB15: n/a | CG15: IHS_CBT_013M
A16: 870 | B16: T3201 | C16: IHS_CBT_014M | D16: Lubuto | E16: 28.61215 | F16: -13.00405 | G16: Copperbelt | H16: 2.5 | I16: COPPERBELT | J16: NDOLA | K16: Yes | L16: Yes | M16: No | N16: Suburban | O16: 2G 3G 4G | P16: P2 | Q16: BTS | R16: HUB | S16: On Air | T16: Grid-Gen | U16: Green Field | V16: 42 | W16: Indoor | X16: Elvis Mumba | Y16: SBC | Z16: SBC | AA16: MTN | AB16: Mwenya Banda | AC16: GNM | AD16: GNM | AE16: CK Works | AF16: CK Works | AG16: 20 | AH16: perkins | AI16: U 988804 C | AJ16: Leroy Sommer | AK16: 0 | AL16: 600 | AM16: Power cube | AN16: ICC330-H1-C1 | AO16: 400 | AP16: Lithium | AQ16: 500 | AR16: 48 | AS16: 100 | AT16: =AQ16/AS16 -> 5 | AU16: LG | AV16: LG | AW16: 18000 | AX16: 18000 | AY16: 2 | AZ16: 112 | BA16: 0 | BB16: 2 | BC16: MTNLiquid Telecom | BD16: T3201 | BE16: 0 | BF16: yes | BH16: 0 | BI16: Palisade | BJ16: Inala | BK16: 44778 | BL16: No | BM16: No | BT16: No | BU16: No | BV16: No | BY16: n/a | BZ16: n/a | CB16: n/a | CG16: IHS_CBT_014M
A17: 1786 | B17: T3055 | C17: IHS_CBT_015M | D17: Yengwe | E17: 28.648417 | F17: -12.94835 | G17: Copperbelt | H17: 2.5 | I17: COPPERBELT | J17: NDOLA | K17: Yes | L17: Yes | M17: No | N17: Urban | O17: 2G 3G 4G | P17: P2 | Q17: BTS | R17: BTS | S17: On Air | T17: Grid-Gen | U17: Green Field | V17: 36 | W17: Indoor | X17: Elvis Mumba | Y17: SBC | Z17: SBC | AA17: MTN | AB17: Mwenya Banda | AC17: GNM | AD17: GNM | AE17: CK Works | AF17: CK Works | AG17: 20 | AH17: perkins | AI17: 0 | AJ17: Leroy Sommer | AK17: 0 | AL17: 600 | AM17: Delta | AN17: DPS 2400B-48-5 | AO17: 250 | AP17: Power safe | AQ17: 1200 | AR17: 2 | AS17: 1200 | AT17: 24 | AU17: LG | AV17: LG | AW17: 18000 | AX17: 18000 | AY17: 2 | AZ17: 194 | BA17: 0 | BB17: 3 | BC17: MTNAirtelLiquid Telecom | BD17: T3055 | BE17: ZM6740 | BF17: yes | BH17: 0 | BI17: Palisade | BJ17: Inala | BK17: 44778 | BL17: No | BM17: No | BT17: No | BU17: No | BV17: No | BY17: n/a | BZ17: n/a | CB17: n/a | CG17: IHS_CBT_015M
A18: 439 | B18: T3083 | C18: IHS_CBT_016M | D18: Itawa | E18: 28.665111 | F18: -12.985314 | G18: Copperbelt | H18: 4.5 | I18: COPPERBELT | J18: NDOLA | K18: No | L18: Yes | M18: No | N18: Urban | O18: 2G 3G 4G | P18: P3 | Q18: BTS | R18: BB | S18: On Air | T18: Grid-Gen | U18: Green Field | V18: 54 | W18: Indoor | X18: Elvis Mumba | Y18: SBC | Z18: SBC | AA18: MTN | AB18: Mwenya Banda | AC18: GNM | AD18: GNM | AE18: Vitalgen | AF18: Vitalgen | AG18: 30 | AH18: perkins | AI18: 0 | AJ18: Leroy Sommer | AK18: 0 | AL18: 1000 | AM18: Power cube | AN18: ICC330-H1-C1 | AO18: 400 | AP18: Lithium | AQ18: 300 | AR18: 48 | AS18: 100 | AT18: =AQ18/AS18 -> 3 | AU18: LG | AV18: LG | AW18: 18000 | AX18: 18000 | AY18: 2 | AZ18: 117 | BA18: 0 | BB18: 2 | BC18: MTNAirtel | BD18: T3083 | BE18: ZM6838 | BF18: yes | BH18: 0 | BI18: Palisade | BJ18: Inala | BK18: 44778 | BL18: No | BM18: No | BT18: No | BU18: No | BV18: No | BY18: n/a | BZ18: n/a | CB18: n/a | CG18: IHS_CBT_016M
A19: 1516 | B19: T3324 | C19: IHS_CBT_017M | D19: Overspill | E19: 28.62691 | F19: -12.93633 | G19: Copperbelt | H19: 2.5 | I19: COPPERBELT | J19: NDOLA | K19: Yes | L19: Yes | M19: No | N19: Urban | O19: 2G 3G 4G | P19: P2 | Q19: BTS | R19: BTS | S19: On Air | T19: Grid-Gen | U19: Green Field | V19: 36 | W19: Outdoor | X19: Elvis Mumba | Y19: SBC | Z19: SBC | AA19: MTN | AB19: Mwenya Banda | AC19: GNM | AD19: GNM | AE19: Falcon | AF19: Falcon | AG19: 20 | AH19: perkins | AI19: GN66044U | AJ19: Leroy Sommer | AK19: 0 | AL19: 600 | AM19: Delta | AN19: DPS 2400B-48-5 | AO19: 250 | AP19: Lithium | AQ19: 200 | AR19: 48 | AS19: 100 | AT19: =AQ19/AS19 -> 2 | AU19: N/A | AV19: N/A | AW19: N/A | AX19: n/a | AY19: N/A | AZ19: 85 | BA19: 0 | BB19: 1 | BC19: MTN | BD19: T3324 | BE19: 0 | BF19: yes | BH19: 0 | BI19: Palisade | BJ19: Inala | BK19: 44778 | BL19: No | BM19: No | BT19: No | BU19: No | BV19: No | BY19: n/a | BZ19: n/a | CB19: n/a | CG19: IHS_CBT_017M
A20: 1474 | B20: T3204 | C20: IHS_CBT_018M | D20: Nkwanzi | E20: 28.64032 | F20: -12.93674 | G20: Copperbelt | H20: 2.5 | I20: COPPERBELT | J20: NDOLA | K20: Yes | L20: Yes | M20: No | N20: Suburban | O20: 2G 3G | P20: P2 | Q20: BTS | R20: HUB | S20: On Air | T20: Grid-Gen | U20: Green Field | V20: 42 | W20: Indoor | X20: Elvis Mumba | Y20: SBC | Z20: SBC | AA20: MTN | AB20: Mwenya Banda | AC20: GNM | AD20: GNM | AE20: CK Works | AF20: CK Works | AG20: 20 | AH20: perkins | AI20: 0 | AJ20: Leroy Sommer | AK20: 0 | AL20: 600 | AM20: Delta | AN20: DPS 2400B-48-5 | AO20: 250 | AP20: Lithium | AQ20: 400 | AR20: 48 | AS20: 100 | AT20: =AQ20/AS20 -> 4 | AU20: LG | AV20: LG | AW20: 18000 | AX20: 18000 | AY20: 2 | AZ20: 138 | BA20: 0 | BB20: 2 | BC20: MTNAirtel | BD20: T3204 | BE20: ZM6785 | BF20: 0 | BH20: 0 | BI20: Palisade | BJ20: Inala | BK20: 44778 | BL20: No | BM20: No | BT20: No | BU20: No | BV20: No | BY20: n/a | BZ20: n/a | CB20: n/a | CG20: IHS_CBT_018M
A21: 1288 | B21: T3203 | C21: IHS_CBT_020M | D21: Mushili | E21: 28.63052 | F21: -13.01879 | G21: Copperbelt | H21: 4.5 | I21: COPPERBELT | J21: NDOLA | K21: No | L21: Yes | M21: No | N21: Suburban | O21: 2G 3G | P21: P2 | Q21: BTS | R21: BTS | S21: On Air | T21: Grid-Gen | U21: Green Field | V21: 36 | W21: Indoor | X21: Elvis Mumba | Y21: SBC | Z21: SBC | AA21: MTN | AB21: Mwenya Banda | AC21: GNM | AD21: GNM | AE21: CK Works | AF21: CK Works | AG21: 30 | AH21: perkins | AI21: 0 | AJ21: Leroy Sommer | AK21: 0 | AL21: 1000 | AM21: Power cube | AN21: ICC330-HA1-C10 | AO21: 750 | AP21: Lithium | AQ21: 400 | AR21: 48 | AS21: 100 | AT21: =AQ21/AS21 -> 4 | AU21: LG | AV21: LG | AW21: 18000 | AX21: 18000 | AY21: 2 | AZ21: 144 | BA21: 0 | BB21: 2 | BC21: MTNAirtel | BD21: T3203 | BE21: ZM3468 | BF21: yes | BH21: 0 | BI21: Palisade | BJ21: Inala | BK21: 44778 | BL21: No | BM21: No | BT21: No | BU21: No | BV21: No | BY21: n/a | BZ21: n/a | CB21: n/a | CG21: IHS_CBT_020M
A22: 1669 | B22: T3229 | C22: IHS_CBT_021M | D22: Sky ways | E22: 28.6 | F22: -13.00924 | G22: Copperbelt | H22: 2.5 | I22: COPPERBELT | J22: NDOLA | K22: No | L22: No | M22: No | N22: Urban | O22: 2G 3G | P22: P4 | Q22: BTS | R22: BTS | S22: On Air | T22: Grid-Gen | U22: Green Field | V22: 36 | W22: Indoor | X22: Elvis Mumba | Y22: SBC | Z22: SBC | AA22: MTN | AB22: Mwenya Banda | AC22: GNM | AD22: GNM | AE22: CK Works | AF22: CK Works | AG22: 20 | AH22: perkins | AI22: 0 | AJ22: Mecc Alte | AK22: 0 | AL22: 1000 | AM22: Power cube | AN22: ICC330-H1-C1 | AO22: 400 | AP22: Lithium | AQ22: 400 | AR22: 48 | AS22: 100 | AT22: =AQ22/AS22 -> 4 | AU22: LG | AV22: LG | AW22: 18000 | AX22: 18000 | AY22: 2 | AZ22: 126 | BA22: 0 | BB22: 4 | BC22: MTNAirtelINQLiquid Telecom | BD22: T3229 | BE22: ZM6582 | BF22: 0 | BH22: 0 | BI22: Palisade | BJ22: Inala | BK22: 44778 | BL22: No | BM22: No | BT22: No | BU22: No | BV22: Yes | BY22: yes | BZ22: 20 | CB22: Pending | CG22: IHS_CBT_021M
A23: 694 | B23: T3077 | C23: IHS_CBT_022M | D23: Kasembo | E23: 28.643861 | F23: -13.016333 | G23: Copperbelt | H23: 2.5 | I23: COPPERBELT | J23: NDOLA | K23: Yes | L23: Yes | M23: No | N23: Suburban | O23: 2G 3G 4G | P23: P2 | Q23: BTS | R23: BTS | S23: On Air | T23: Grid-Gen | U23: Green Field | V23: 50 | W23: Indoor | X23: Elvis Mumba | Y23: SBC | Z23: SBC | AA23: MTN | AB23: Mwenya Banda | AC23: GNM | AD23: GNM | AE23: Gen Logic | AF23: Gen Logic | AG23: 20 | AH23: perkins | AI23: 0 | AJ23: Leroy Sommer | AK23: 0 | AL23: 1000 | AM23: Delta | AN23: DPS 2400B-48-5 | AO23: 250 | AP23: Lithium | AQ23: 500 | AR23: 48 | AS23: 100 | AT23: =AQ23/AS23 -> 5 | AU23: LG | AV23: LG | AW23: 18000 | AX23: 18000 | AY23: 2 | AZ23: 125 | BA23: 0 | BB23: 3 | BC23: MTNAirtelLiquid Telecom | BD23: T3077 | BE23: ZM3293 | BF23: 0 | BH23: 0 | BI23: Palisade | BJ23: Inala | BK23: 44778 | BL23: No | BM23: No | BT23: No | BU23: No | BV23: No | BY23: n/a | BZ23: n/a | CB23: n/a | CG23: IHS_CBT_022M
A24: 1750 | B24: T3054 | C24: IHS_CBT_023M | D24: Twapia | E24: 28.583483 | F24: -12.9855 | G24: Copperbelt | H24: 1.8 | I24: COPPERBELT | J24: NDOLA | K24: No | L24: No | M24: No | N24: Suburban | O24: 2G 3G | P24: P3 | Q24: BTS | R24: BTS | S24: On Air | T24: Grid-Gen | U24: Green Field | V24: 50 | W24: Indoor | X24: Elvis Mumba | Y24: SBC | Z24: SBC | AA24: MTN | AB24: Mwenya Banda | AC24: GNM | AD24: GNM | AE24: Gen Logic | AF24: Gen Logic | AG24: 15 | AH24: perkins | AI24: 0 | AJ24: Mecc Alte | AK24: 0 | AL24: 1000 | AM24: Delta | AN24: DPS 2400B-48-5 | AO24: 250 | AP24: Lithium | AQ24: 500 | AR24: 48 | AS24: 100 | AT24: =AQ24/AS24 -> 5 | AU24: LG | AV24: LG | AW24: 18000 | AX24: 18000 | AY24: 2 | AZ24: 51 | BA24: 0 | BB24: 1 | BC24: MTN | BD24: T3054 | BE24: 0 | BF24: yes | BH24: 0 | BI24: Palisade | BJ24: Inala | BK24: 44778 | BL24: No | BM24: No | BT24: No | BU24: No | BV24: No | BY24: n/a | BZ24: n/a | CB24: n/a | CG24: IHS_CBT_023M
A25: 1409 | B25: T3233 | C25: IHS_CBT_024M | D25: Ndeke Township | E25: 28.66315 | F25: -13.006631 | G25: Copperbelt | H25: 4.5 | I25: COPPERBELT | J25: NDOLA | K25: No | L25: Yes | M25: No | N25: Suburban | O25: 2G 3G | P25: P2 | Q25: BTS | R25: BB | S25: On Air | T25: Grid-Gen | U25: Green Field | V25: 30 | W25: Indoor | X25: Elvis Mumba | Y25: SBC | Z25: SBC | AA25: MTN | AB25: Mwenya Banda | AC25: GNM | AD25: GNM | AE25: CK Works | AF25: CK Works | AG25: 30 | AH25: perkins | AI25: 0 | AJ25: Leroy Sommer | AK25: 0 | AL25: 600 | AM25: Power cube | AN25: ICC330-H1-C1 | AO25: 400 | AP25: Lithium | AQ25: 500 | AR25: 48 | AS25: 100 | AT25: =AQ25/AS25 -> 5 | AU25: LG | AV25: LG | AW25: 18000 | AX25: 18000 | AY25: 2 | AZ25: 185 | BA25: 0 | BB25: 2 | BC25: MTNAirtel | BD25: T3233 | BE25: ZM6959 | BF25: yes | BH25: 0 | BI25: Palisade | BJ25: Inala | BK25: 44778 | BL25: No | BM25: No | BT25: No | BU25: No | BV25: No | BY25: n/a | BZ25: n/a | CB25: n/a | CG25: IHS_CBT_024M
A26: 1520 | B26: T3205 | C26: IHS_CBT_025M | D26: Pamozi Extension | E26: 28.62378 | F26: -12.92625 | G26: Copperbelt | H26: 2 | I26: COPPERBELT | J26: NDOLA | K26: Yes | L26: Yes | M26: No | N26: Suburban | O26: 2G 3G 4G | P26: P2 | Q26: BTS | R26: BTS | S26: On Air | T26: Grid-Gen | U26: Green Field | V26: 36 | W26: Indoor | X26: Elvis Mumba | Y26: SBC | Z26: SBC | AA26: MTN | AB26: Mwenya Banda | AC26: GNM | AD26: GNM | AE26: GL Yanmar | AF26: GL Yanmar | AG26: 16 | AH26: Yanmar | AI26: 4TNE | AJ26: Mecc Alte | AK26: 0 | AL26: 600 | AM26: Power cube | AN26: ICC330-HA1-C10 | AO26: 250 | AP26: Lithium | AQ26: 300 | AR26: 48 | AS26: 100 | AT26: =AQ26/AS26 -> 3 | AU26: LG | AV26: LG | AW26: 18000 | AX26: 18000 | AY26: 2 | AZ26: 72.4 | BA26: 0 | BB26: 1 | BC26: MTN | BD26: T3205 | BE26: 0 | BF26: yes | BH26: 0 | BI26: Palisade | BJ26: Inala | BK26: 44778 | BL26: No | BM26: No | BT26: No | BU26: No | BV26: No | BY26: n/a | BZ26: n/a | CB26: n/a | CG26: IHS_CBT_025M
A27: 634 | B27: T3351 | C27: IHS_CBT_027M | D27: Kantolomba | E27: 28.63368 | F27: -13.02945 | G27: Copperbelt | H27: 2.5 | I27: COPPERBELT | J27: NDOLA | K27: No | L27: Yes | M27: No | N27: Suburban | O27: 2G 3G | P27: P2 | Q27: BTS | R27: BTS | S27: On Air | T27: Grid-Gen | U27: Green Field | V27: 30 | W27: Outdoor | X27: Elvis Mumba | Y27: SBC | Z27: SBC | AA27: MTN | AB27: Mwenya Banda | AC27: GNM | AD27: GNM | AE27: CK Works | AF27: CK Works | AG27: 20 | AH27: perkins | AI27: 0 | AJ27: Leroy Sommer | AK27: 0 | AL27: 600 | AM27: Delta | AN27: DPS 2400B-48-5 | AO27: 250 | AP27: NARADA | AQ27: 600 | AR27: 2 | AS27: 600 | AT27: 24 | AU27: N/A | AV27: N/A | AW27: N/A | AX27: n/a | AY27: N/A | AZ27: 154 | BA27: 0 | BB27: 2 | BC27: MTNAirtel | BD27: T3351 | BE27: ZM0237 | BF27: yes | BH27: 0 | BI27: Palisade | BJ27: Inala | BK27: 44778 | BL27: No | BM27: No | BT27: No | BU27: No | BV27: No | BY27: n/a | BZ27: n/a | CB27: n/a | CG27: IHS_CBT_027M
A28: 1788 | B28: T3355 | C28: IHS_CBT_029M | D28: Zafico | E28: 28.56954 | F28: -12.97282 | G28: Copperbelt | H28: 1.8 | I28: COPPERBELT | J28: NDOLA | K28: No | L28: No | M28: No | N28: Suburban | O28: 2G 3G | P28: P4 | Q28: BTS | R28: BTS | S28: On Air | T28: Grid-Gen | U28: Green Field | V28: 36 | W28: Outdoor | X28: Elvis Mumba | Y28: SBC | Z28: SBC | AA28: MTN | AB28: Mwenya Banda | AC28: GNM | AD28: GNM | AE28: Green Power | AF28: Green Power | AG28: 15 | AH28: perkins | AI28: 0 | AJ28: Mecc Alte | AK28: 0 | AL28: 600 | AM28: Delta | AN28: DPS 2400B-48-5 | AO28: 250 | AP28: Agisson | AQ28: 600 | AR28: 2 | AS28: 600 | AT28: 24 | AU28: N/A | AV28: N/A | AW28: N/A | AX28: n/a | AY28: N/A | AZ28: 56 | BA28: 0 | BB28: 2 | BC28: MTNAirtel | BD28: T3355 | BE28: ZM6868 | BF28: 0 | BH28: 0 | BI28: Palisade | BJ28: Inala | BK28: 44778 | BL28: No | BM28: No | BT28: No | BU28: No | BV28: No | BY28: n/a | BZ28: n/a | CB28: n/a | CG28: IHS_CBT_029M
A29: 1416 | B29: T3274 | C29: IHS_CBT_030M | D29: Ndola Industrial | E29: 28.66418 | F29: -13.02343 | G29: Copperbelt | H29: 2.5 | I29: COPPERBELT | J29: NDOLA | K29: Yes | L29: No | M29: No | N29: Suburban | O29: 2G 3G | P29: P4 | Q29: BTS | R29: BTS | S29: On Air | T29: Grid-Gen | U29: Green Field | V29: 36 | W29: Outdoor | X29: Elvis Mumba | Y29: SBC | Z29: SBC | AA29: MTN | AB29: Mwenya Banda | AC29: GNM | AD29: GNM | AE29: MPI | AF29: MPI | AG29: 20 | AH29: perkins | AI29: 0 | AJ29: Leroy Sommer | AK29: 0 | AL29: 600 | AM29: Power cube | AN29: ICC330-H1-C1 | AO29: 400 | AP29: Agisson | AQ29: 1200 | AR29: 2 | AS29: 600 | AT29: 48 | AU29: N/A | AV29: N/A | AW29: N/A | AX29: n/a | AY29: N/A | AZ29: 89 | BA29: 0 | BB29: 1 | BC29: MTN | BD29: T3274 | BE29: 0 | BF29: yes | BH29: 0 | BI29: Palisade | BJ29: Inala | BK29: 44778 | BL29: No | BM29: No | BT29: No | BU29: No | BV29: No | BY29: n/a | BZ29: n/a | CB29: n/a | CG29: IHS_CBT_030M
A30: 745 | B30: T3102 | C30: IHS_CBT_031M | D30: Kawama | E30: 28.618658 | F30: -12.916144 | G30: Copperbelt | H30: 2 | I30: COPPERBELT | J30: NDOLA | K30: No | L30: Yes | M30: No | N30: Suburban | O30: 2G 3G | P30: P3 | Q30: BTS | R30: BTS | S30: On Air | T30: Grid-Gen | U30: Green Field | V30: 48 | W30: Indoor | X30: Elvis Mumba | Y30: SBC | Z30: SBC | AA30: MTN | AB30: Mwenya Banda | AC30: GNM | AD30: GNM | AE30: GL Yanmar | AF30: GL Yanmar | AG30: 20 | AH30: Yanmar | AI30: 4TNE | AJ30: Mecc Alte | AK30: 0 | AL30: 600 | AM30: Delta | AN30: DPS 2400B-48-5 | AO30: 250 | AP30: C&D True | AQ30: 704 | AR30: 12 | AS30: 176 | AT30: 16 | AU30: LG | AV30: LG | AW30: 18000 | AX30: 18000 | AY30: 2 | AZ30: 48.6 | BA30: 0 | BB30: 1 | BC30: MTN | BD30: T3102 | BE30: 0 | BF30: 0 | BH30: 0 | BI30: Palisade | BJ30: Inala | BK30: 44778 | BL30: No | BM30: No | BT30: No | BU30: No | BV30: No | BY30: n/a | BZ30: n/a | CB30: n/a | CG30: IHS_CBT_031M
A31: 314 | B31: T3197 | C31: IHS_CBT_032M | D31: Cleveland | E31: 28.69061 | F31: -12.97832 | G31: Copperbelt | H31: 2.5 | I31: COPPERBELT | J31: NDOLA | K31: No | L31: No | M31: No | N31: Suburban | O31: 2G 3G | P31: P4 | Q31: BTS | R31: HUB | S31: On Air | T31: Grid-Gen | U31: Green Field | V31: 42 | W31: Indoor | X31: Elvis Mumba | Y31: SBC | Z31: SBC | AA31: MTN | AB31: Mwenya Banda | AC31: GNM | AD31: GNM | AE31: CK Works | AF31: CK Works | AG31: 20 | AH31: perkins | AI31: 0 | AJ31: Leroy Sommer | AK31: 0 | AL31: 600 | AM31: Delta | AN31: DPS 2400B-48-5 | AO31: 250 | AP31: Lithium | AQ31: 300 | AR31: 48 | AS31: 100 | AT31: =AQ31/AS31 -> 3 | AU31: LG | AV31: LG | AW31: 18000 | AX31: 18000 | AY31: 2 | AZ31: 50 | BA31: 0 | BB31: 2 | BC31: MTNAirtel | BD31: T3197 | BE31: ZM3966 | BF31: yes | BH31: 0 | BI31: Palisade | BJ31: Inala | BK31: 44778 | BL31: Yes | BM31: Yes | BR31: pending | BT31: No | BU31: No | BV31: No | BY31: n/a | BZ31: n/a | CB31: n/a | CG31: IHS_CBT_032M
A32: 58 | B32: T3209 | C32: IHS_CBT_033M | D32: Bwana Mukubwa | E32: 28.69584 | F32: -13.01751 | G32: Copperbelt | H32: 2 | I32: COPPERBELT | J32: NDOLA | K32: No | L32: No | M32: No | N32: Suburban | O32: 2G 3G | P32: P4 | Q32: BTS | R32: HUB | S32: On Air | T32: Grid-Gen | U32: Green Field | V32: 36 | W32: Indoor | X32: Elvis Mumba | Y32: SBC | Z32: SBC | AA32: MTN | AB32: Mwenya Banda | AC32: GNM | AD32: GNM | AE32: GL Yanmar | AF32: GL Yanmar | AG32: 16 | AH32: Yanmar | AI32: 4TNE | AJ32: Mecc Alte | AK32: 0 | AL32: 600 | AM32: Delta | AN32: DPS 2400B-48-5 | AO32: 250 | AP32: Lithium | AQ32: 300 | AR32: 48 | AS32: 100 | AT32: =AQ32/AS32 -> 3 | AU32: LG | AV32: LG | AW32: 18000 | AX32: 18000 | AY32: 2 | AZ32: 56.7 | BA32: 0 | BB32: 2 | BC32: MTNAirtel | BD32: T3209 | BE32: ZM6730 | BF32: 0 | BH32: 0 | BI32: Palisade | BJ32: Inala | BK32: 44778 | BL32: No | BM32: No | BT32: No | BU32: No | BV32: No | BY32: n/a | BZ32: n/a | CB32: n/a | CG32: IHS_CBT_033M
A33: 1289 | B33: T3199 | C33: IHS_CBT_034M | D33: Mushili Baracks | E33: 28.623211 | F33: -13.056081 | G33: Copperbelt | H33: 1.8 | I33: COPPERBELT | J33: NDOLA | K33: No | L33: No | M33: No | N33: Suburban | O33: 2G 3G | P33: P4 | Q33: BTS | R33: Hub | S33: On Air | T33: Grid-Gen | U33: Green Field | V33: 48 | W33: Indoor | X33: Elvis Mumba | Y33: SBC | Z33: SBC | AA33: MTN | AB33: Mwenya Banda | AC33: GNM | AD33: GNM | AE33: GL Yanmar | AF33: GL Yanmar | AG33: 15 | AH33: Yanmar | AI33: 4TNE | AJ33: Mecc Alte | AK33: 0 | AL33: 600 | AM33: Delta | AN33: DPS 2400B-48-5 | AO33: 250 | AP33: NARADA | AQ33: 600 | AR33: 2 | AS33: 600 | AT33: 24 | AU33: LG | AV33: LG | AW33: 18000 | AX33: 18000 | AY33: 2 | AZ33: 48.7 | BA33: 0 | BB33: 1 | BC33: MTN | BD33: T3199 | BE33: 0 | BF33: yes | BH33: 0 | BI33: Palisade | BJ33: Inala | BK33: 44778 | BL33: No | BM33: No | BT33: No | BU33: No | BV33: No | BY33: n/a | BZ33: n/a | CB33: n/a | CG33: IHS_CBT_034M
A34: 555 | B34: T3005 | C34: IHS_CBT_035M | D34: Kaloko | E34: 28.67233 | F34: -13.04833 | G34: Copperbelt | H34: 4.5 | I34: COPPERBELT | J34: NDOLA | K34: Yes | L34: Yes | M34: No | N34: Suburban | O34: 2G 3G 4G | P34: P2 | Q34: BB | R34: Hub | S34: On Air | T34: Grid-Gen | U34: Green Field | V34: 60 | W34: Indoor | X34: Elvis Mumba | Y34: SBC | Z34: SBC | AA34: MTN | AB34: Mwenya Banda | AC34: GNM | AD34: GNM | AE34: Himoinsa | AF34: Himoinsa | AG34: 30 | AH34: Yanmar | AI34: 4TNV | AJ34: HIMOINSA | AK34: SK 160 LB | AL34: 1000 | AM34: Power cube | AN34: ICC330-H1-C1 | AO34: 400 | AP34: Lithium | AQ34: 600 | AR34: 48 | AS34: 100 | AT34: =AQ34/AS34 -> 6 | AU34: LG | AV34: LG | AW34: 18000 | AX34: 18000 | AY34: 2 | AZ34: 160 | BA34: 0 | BB34: 6 | BC34: MTNLiquid( Former Hai)Paratus TelecomGo tvKNCAir-link | BD34: T3005 | BE34: 0 | BF34: 0 | BH34: 0 | BI34: Palisade | BJ34: Inala | BK34: 44778 | BL34: No | BM34: No | BT34: No | BU34: No | BV34: No | BY34: n/a | BZ34: n/a | CB34: n/a | CG34: IHS_CBT_035M
A35: 863 | B35: T3208 | C35: IHS_CBT_036M | D35: Lubendo | E35: 28.710531 | F35: -12.94999 | G35: Copperbelt | H35: 2 | I35: COPPERBELT | J35: NDOLA | K35: Yes | L35: No | M35: No | N35: Rural | O35: #N/A | P35: P4 | Q35: BTS | R35: BTS | S35: On Air | T35: Grid-Gen | U35: Green Field | V35: 36 | W35: Indoor | X35: Elvis Mumba | Y35: SBC | Z35: SBC | AA35: MTN | AB35: Mwenya Banda | AC35: GNM | AD35: GNM | AE35: GL Yanmar | AF35: GL Yanmar | AG35: 16 | AH35: Yanmar | AI35: 4TNE | AJ35: Mecc Alte | AK35: 0 | AL35: 600 | AM35: Delta | AN35: DPS 2400B-48-5 | AO35: 250 | AP35: Amaron | AQ35: 600 | AR35: 2 | AS35: 600 | AT35: 24 | AU35: LG | AV35: LG | AW35: 18000 | AX35: 18000 | AY35: 2 | AZ35: 45 | BA35: 0 | BB35: 1 | BC35: Airtel | BD35: T3208 | BE35: ZM6590 | BF35: 0 | BH35: 0 | BI35: Palisade | BJ35: Inala | BK35: 44778 | BL35: No | BM35: No | BT35: No | BU35: No | BV35: No | BY35: n/a | BZ35: n/a | CB35: n/a | CG35: IHS_CBT_036M
A36: 1111 | B36: T3207 | C36: IHS_CBT_037M | D36: Minsundu | E36: 28.63172 | F36: -12.87315 | G36: Copperbelt | H36: 2 | I36: COPPERBELT | J36: NDOLA | K36: No | L36: No | M36: No | N36: Rural | O36: 2G 3G | P36: P4 | Q36: BTS | R36: BTS | S36: On Air | T36: Grid-Gen | U36: Green Field | V36: 70 | W36: Indoor | X36: Elvis Mumba | Y36: SBC | Z36: SBC | AA36: MTN | AB36: Mwenya Banda | AC36: GNM | AD36: GNM | AE36: GL Yanmar | AF36: GL Yanmar | AG36: 16 | AH36: Yanmar | AI36: 4TNE | AJ36: Mecc Alte | AK36: 0 | AL36: 600 | AM36: Delta | AN36: DPS 2400B-48-5 | AO36: 250 | AP36: Power safe | AQ36: 1200 | AR36: 2 | AS36: 1200 | AT36: 24 | AU36: LG | AV36: LG | AW36: 18000 | AX36: 18000 | AY36: 2 | AZ36: 96.6 | BA36: 0 | BB36: 2 | BC36: MTNAirtel | BD36: T3207 | BE36: ZM3964 | BF36: 0 | BH36: 0 | BI36: Palisade | BJ36: Inala | BK36: 44778 | BL36: No | BM36: No | BT36: No | BU36: No | BV36: No | BY36: n/a | BZ36: n/a | CB36: n/a | CG36: IHS_CBT_037M
A37: 1027 | B37: T3196 | C37: IHS_CBT_039M | D37: Masaiti/ ChIwala Basic | E37: 28.73957 | F37: -12.99926 | G37: Copperbelt | H37: 2.5 | I37: COPPERBELT | J37: MASAITI | K37: No | L37: No | M37: No | N37: Rural | O37: 2G 3G | P37: P4 | Q37: BTS | R37: BTS | S37: On Air | T37: Grid-Gen | U37: Green Field | V37: 48 | W37: Indoor | X37: Elvis Mumba | Y37: SBC | Z37: SBC | AA37: MTN | AB37: Mwenya Banda | AC37: GNM | AD37: GNM | AE37: Gen Logic | AF37: Gen Logic | AG37: 20 | AH37: perkins | AI37: 0 | AJ37: Mecc Alte | AK37: 0 | AL37: 1000 | AM37: Delta | AN37: DPS 2400B-48-5 | AO37: 250 | AP37: Lithium | AQ37: 300 | AR37: 48 | AS37: 100 | AT37: =AQ37/AS37 -> 3 | AU37: LG | AV37: LG | AW37: 18000 | AX37: 18000 | AY37: 2 | AZ37: 29 | BA37: 0 | BB37: 1 | BC37: MTN | BD37: T3196 | BE37: 0 | BF37: 0 | BH37: 0 | BI37: Palisade | BJ37: Inala | BK37: 44778 | BL37: No | BM37: No | BT37: No | BU37: No | BV37: No | BY37: n/a | BZ37: n/a | CB37: n/a | CG37: IHS_CBT_039M
A38: 1594 | B38: T3350 | C38: IHS_CBT_040M | D38: Seed Of Hope | E38: 28.7014 | F38: -13.07526 | G38: Copperbelt | H38: 1.8 | I38: COPPERBELT | J38: NDOLA | K38: No | L38: Yes | M38: No | N38: Suburban | O38: 2G 3G | P38: P4 | Q38: BTS | R38: BTS | S38: On Air | T38: Grid-Gen | U38: Green Field | V38: 36 | W38: Outdoor | X38: Elvis Mumba | Y38: SBC | Z38: SBC | AA38: MTN | AB38: Mwenya Banda | AC38: GNM | AD38: GNM | AE38: Lamasat | AF38: Lamasat | AG38: 15 | AH38: perkins | AI38: 0 | AJ38: Leroy Sommer | AK38: 0 | AL38: 600 | AM38: Power cube | AN38: ICC330-HA1-C10 | AO38: 750 | AP38: Lithium | AQ38: 300 | AR38: 48 | AS38: 100 | AT38: =AQ38/AS38 -> 3 | AU38: N/A | AV38: N/A | AW38: N/A | AX38: n/a | AY38: N/A | AZ38: 47.8 | BA38: 0 | BB38: 2 | BC38: MTNAirtel | BD38: T3350 | BE38: ZM0431 | BF38: yes | BH38: 0 | BI38: Palisade | BJ38: Inala | BK38: 44778 | BL38: No | BM38: No | BT38: No | BU38: No | BV38: No | BY38: n/a | BZ38: n/a | CB38: n/a | CG38: IHS_CBT_040M
A39: 623 | B39: T3200 | C39: IHS_CBT_041M | D39: Kaniki | E39: 28.54153 | F39: -12.8763 | G39: Copperbelt | H39: 2 | I39: COPPERBELT | J39: NDOLA | K39: No | L39: No | M39: No | N39: Rural | O39: 2G 3G | P39: P4 | Q39: HUB | R39: HUB | S39: On Air | T39: Grid-Gen | U39: Green Field | V39: 80 | W39: Indoor | X39: Elvis Mumba | Y39: SBC | Z39: SBC | AA39: MTN | AB39: Mwenya Banda | AC39: GNM | AD39: GNM | AE39: GL Yanmar | AF39: GL Yanmar | AG39: 16 | AH39: Yanmar | AI39: 4TNE | AJ39: Mecc Alte | AK39: 0 | AL39: 600 | AM39: Delta | AN39: DPS 2400B-48-5 | AO39: 250 | AP39: C&D True | AQ39: 1056 | AR39: 12 | AS39: 176 | AT39: 48 | AU39: LG | AV39: LG | AW39: 18000 | AX39: 18000 | AY39: 2 | AZ39: 42 | BA39: 0 | BB39: 1 | BC39: MTN | BD39: T3200 | BE39: 0 | BF39: 0 | BH39: 0 | BI39: Palisade | BJ39: Inala | BK39: 44778 | BL39: No | BM39: No | BT39: No | BU39: No | BV39: No | BY39: n/a | BZ39: n/a | CB39: n/a | CG39: IHS_CBT_041M
A40: 385 | B40: T3360 | C40: IHS_CBT_042M | D40: Golden Lay | E40: 28.45519 | F40: -13.0077 | G40: Copperbelt | H40: 1.8 | I40: COPPERBELT | J40: LUANSHYA | K40: No | L40: No | M40: No | N40: Rural | O40: 2G 3G | P40: P4 | Q40: BTS | R40: BTS | S40: On Air | T40: Grid-Gen | U40: Green Field | V40: 60 | W40: Outdoor | X40: Neddy Chiwasa | Y40: SBC | Z40: SBC | AA40: MTN | AB40: Mwenya Banda | AC40: GNM | AD40: GNM | AE40: MPI | AF40: MPI | AG40: 15 | AH40: perkins | AI40: 0 | AJ40: Leroy Sommer | AK40: 0 | AL40: 600 | AM40: Delta | AN40: DPS 2400B-48-5 | AO40: 250 | AP40: C&D True | AQ40: 1056 | AR40: 12 | AS40: 176 | AT40: 24 | AU40: N/A | AV40: N/A | AW40: N/A | AX40: n/a | AY40: N/A | AZ40: 37 | BA40: 0 | BB40: 2 | BC40: MTNGoldenLay | BD40: T3360 | BE40: 0 | BF40: yes | BH40: 0 | BI40: Palisade | BJ40: Inala | BK40: 44778 | BL40: No | BM40: No | BT40: No | BU40: No | BV40: No | BY40: n/a | BZ40: n/a | CB40: n/a | CG40: IHS_CBT_042M
A41: 358 | B41: T3031 | C41: IHS_CBT_043M | D41: Fisenge | E41: 28.463217 | F41: -13.046117 | G41: Copperbelt | H41: 2 | I41: COPPERBELT | J41: LUANSHYA | K41: No | L41: No | M41: No | N41: Rural | O41: 2G 3G | P41: P3 | Q41: BTS | R41: BTS | S41: On Air | T41: Grid-Gen | U41: Green Field | V41: 70 | W41: Indoor | X41: Neddy Chiwasa | Y41: SBC | Z41: SBC | AA41: MTN | AB41: Mwenya Banda | AC41: GNM | AD41: GNM | AE41: Gen Logic | AF41: Gen Logic | AG41: 16 | AH41: perkins | AI41: 0 | AJ41: Leroy Sommer | AK41: 0 | AL41: 600 | AM41: Delta | AN41: DPS 2400B-48-5 | AO41: 250 | AP41: NARADA | AQ41: 600 | AR41: 2 | AS41: 600 | AT41: 24 | AU41: LG | AV41: LG | AW41: 18000 | AX41: 18000 | AY41: 2 | AZ41: 36 | BA41: 0 | BB41: 1 | BC41: MTN | BD41: T3031 | BE41: 0 | BF41: yes | BH41: 0 | BI41: Palisade | BJ41: Inala | BK41: 44778 | BL41: No | BM41: No | BT41: No | BU41: No | BV41: No | BY41: n/a | BZ41: n/a | CB41: n/a | CG41: IHS_CBT_043M
A42: 509 | B42: T3189 | C42: IHS_CBT_044M | D42: Kafubu Block | E42: 28.53065 | F42: -13.154 | G42: Copperbelt | H42: 2 | I42: COPPERBELT | J42: LUANSHYA | K42: No | L42: No | M42: No | N42: Rural | O42: 2G | P42: P4 | Q42: BTS | R42: BTS | S42: On Air | T42: Grid-Gen | U42: Green Field | V42: 54 | W42: Indoor | X42: Neddy Chiwasa | Y42: SBC | Z42: SBC | AA42: MTN | AB42: Mwenya Banda | AC42: GNM | AD42: GNM | AE42: Yanmar | AF42: Yanmar | AG42: 16 | AH42: Yanmar | AI42: 4TNE | AJ42: Mecc Alte | AK42: 0 | AL42: 600 | AM42: Delta | AN42: DPS 2400B-48-5 | AO42: 250 | AP42: NARADA | AQ42: 600 | AR42: 2 | AS42: 600 | AT42: 24 | AU42: LG | AV42: LG | AW42: 18000 | AX42: 18000 | AY42: 2 | AZ42: 40 | BA42: 0 | BB42: 1 | BC42: MTN | BD42: T3189 | BE42: 0 | BF42: yes | BH42: 0 | BI42: Palisade | BJ42: Inala | BK42: 44778 | BL42: No | BM42: No | BT42: No | BU42: No | BV42: No | BY42: n/a | BZ42: n/a | CB42: n/a | CG42: IHS_CBT_044M
A43: 1744 | B43: T3210 | C43: IHS_CBT_045M | D43: Tuckugan | E43: 28.779 | F43: -13.11462 | G43: Copperbelt | H43: 2 | I43: COPPERBELT | J43: NDOLA | K43: No | L43: No | M43: No | N43: Rural | O43: 2G 3G | P43: P4 | Q43: BTS | R43: BTS | S43: On Air | T43: Grid-Gen | U43: Green Field | V43: 42 | W43: Indoor | X43: Elvis Mumba | Y43: SBC | Z43: SBC | AA43: MTN | AB43: Mwenya Banda | AC43: GNM | AD43: GNM | AE43: GL Yanmar | AF43: GL Yanmar | AG43: 16 | AH43: Yanmar | AI43: 4TNE | AJ43: Mecc Alte | AK43: 0 | AL43: 600 | AM43: Delta | AN43: DPS 2400B-48-5 | AO43: 250 | AP43: Amaron | AQ43: 600 | AR43: 2 | AS43: 600 | AT43: 24 | AU43: samsung | AV43: samsung | AW43: 18000 | AX43: 18000 | AY43: 2 | AZ43: 37 | BA43: 0 | BB43: 1 | BC43: MTN | BD43: T3210 | BE43: 0 | BF43: yes | BH43: 0 | BI43: Palisade | BJ43: Inala | BK43: 44778 | BL43: No | BM43: No | BT43: No | BU43: No | BV43: No | BY43: n/a | BZ43: n/a | CB43: n/a | CG43: IHS_CBT_045M
A44: 1017 | B44: T3042 | C44: IHS_CBT_046M | D44: Maposa | E44: 28.404217 | F44: -12.977533 | G44: Copperbelt | H44: 2 | I44: COPPERBELT | J44: NDOLA | K44: No | L44: No | M44: No | N44: Rural | O44: 2G 3G | P44: P4 | Q44: BB | R44: HUB | S44: On Air | T44: Grid-Gen | U44: Green Field | V44: 80 | W44: Indoor | X44: Neddy Chiwasa | Y44: SBC | Z44: SBC | AA44: MTN | AB44: Mwenya Banda | AC44: GNM | AD44: GNM | AE44: Gen Logic | AF44: Gen Logic | AG44: 16 | AH44: Yanmar | AI44: 0 | AJ44: Mecc Alte | AK44: 0 | AL44: 600 | AM44: Delta | AN44: DPS 2400B-48-5 | AO44: 250 | AP44: Agisson | AQ44: 600 | AR44: 2 | AS44: 600 | AT44: 24 | AU44: LG | AV44: LG | AW44: 18000 | AX44: 18000 | AY44: 2 | AZ44: 61 | BA44: 0 | BB44: 1 | BC44: MTN | BD44: T3042 | BE44: 0 | BF44: yes | BH44: 0 | BI44: Palisade | BJ44: Inala | BK44: 44778 | BL44: Yes | BM44: Yes | BO44: 1 | BR44: Done | BT44: No | BU44: No | BV44: No | BY44: n/a | BZ44: n/a | CB44: n/a | CG44: IHS_CBT_046M
A45: 593 | B45: T3187 | C45: IHS_CBT_047M | D45: Kamirenda | E45: 28.43649 | F45: -13.12708 | G45: Copperbelt | H45: 2 | I45: COPPERBELT | J45: LUANSHYA | K45: No | L45: No | M45: No | N45: Urban | O45: Gold | P45: P3 | Q45: BTS | R45: BTS | S45: On Air | T45: Grid-Gen | U45: Green Field | V45: 36 | W45: Indoor | X45: Neddy Chiwasa | Y45: SBC | Z45: SBC | AA45: MTN | AB45: Mwenya Banda | AC45: GNM | AD45: GNM | AE45: Gen Logic | AF45: Gen Logic | AG45: 16 | AH45: Yanmar | AI45: 0 | AJ45: Leroy Sommer | AK45: 0 | AL45: 600 | AM45: Delta | AN45: DPS 2400B-48-5 | AO45: 250 | AP45: Lithium | AQ45: 300 | AR45: 48 | AS45: 100 | AT45: =AQ45/AS45 -> 3 | AU45: LG | AV45: LG | AW45: 18000 | AX45: 18000 | AY45: 2 | AZ45: 60 | BA45: 0 | BB45: 1 | BC45: MTN | BD45: T3187 | BE45: 0 | BF45: yes | BH45: 0 | BI45: Palisade | BJ45: Inala | BK45: 44778 | BL45: Yes | BM45: Yes | BR45: pending | BT45: No | BU45: No | BV45: No | BY45: n/a | BZ45: n/a | CB45: n/a | CG45: IHS_CBT_047M
A46: 594 | B46: T3238 | C46: IHS_CBT_048M | D46: Kamirenda Extension | E46: 28.42629 | F46: -13.1195 | G46: Copperbelt | H46: 2.5 | I46: COPPERBELT | J46: LUANSHYA | K46: No | L46: No | M46: No | N46: Suburban | O46: Gold | P46: P3 | Q46: BTS | R46: BTS | S46: On Air | T46: Grid-Gen | U46: Green Field | V46: 40 | W46: Outdoor | X46: Neddy Chiwasa | Y46: SBC | Z46: SBC | AA46: MTN | AB46: Mwenya Banda | AC46: GNM | AD46: GNM | AE46: Vitalgen | AF46: Vitalgen | AG46: 20 | AH46: perkins | AI46: 0 | AJ46: Mecc Alte | AK46: 0 | AL46: 1000 | AM46: Power cube | AN46: ICC330-H1-C1 | AO46: 400 | AP46: Lithium | AQ46: 400 | AR46: 48 | AS46: 100 | AT46: =AQ46/AS46 -> 4 | AU46: N/A | AV46: N/A | AW46: N/A | AX46: 0 | AY46: N/A | AZ46: 59 | BA46: 0 | BB46: 2 | BC46: MTNAirtel | BD46: T3238 | BE46: ZM6864 | BF46: 0 | BH46: 0 | BI46: Palisade | BJ46: Inala | BK46: 44778 | BL46: No | BM46: No | BT46: No | BU46: No | BV46: No | BY46: n/a | BZ46: n/a | CB46: n/a | CG46: IHS_CBT_048M
A47: 1093 | B47: T3321 | C47: IHS_CBT_049M | D47: Mikomfwa East | E47: 28.44164 | F47: -13.15035 | G47: Copperbelt | H47: 2 | I47: COPPERBELT | J47: LUANSHYA | K47: No | L47: No | M47: No | N47: Suburban | O47: 2G 3G | P47: P4 | Q47: BTS | R47: BTS | S47: On Air | T47: Grid-Gen | U47: Green Field | V47: 60 | W47: Outdoor | X47: Neddy Chiwasa | Y47: SBC | Z47: SBC | AA47: MTN | AB47: Mwenya Banda | AC47: GNM | AD47: GNM | AE47: Gen Logic | AF47: Gen Logic | AG47: 16 | AH47: Yanmar | AI47: 0 | AJ47: Mecc Alte | AK47: 0 | AL47: 600 | AM47: Delta | AN47: DPS 2400B-48-5 | AO47: 250 | AP47: NARADA | AQ47: 600 | AR47: 2 | AS47: 600 | AT47: 24 | AU47: N/A | AV47: N/A | AW47: N/A | AX47: n/a | AY47: N/A | AZ47: 70.5 | BA47: 0 | BB47: 2 | BC47: MTNAirtel | BD47: T3321 | BE47: ZM6781 | BF47: 0 | BH47: 0 | BI47: Palisade | BJ47: Inala | BK47: 44778 | BL47: No | BM47: No | BT47: No | BU47: No | BV47: No | BY47: n/a | BZ47: n/a | CB47: n/a | CG47: IHS_CBT_049M
A48: 860 | B48: T3402 | C48: IHS_CBT_050M | D48: Luanshya Town Center | E48: 28.41684 | F48: -13.12862 | G48: Copperbelt | H48: 2.5 | I48: COPPERBELT | J48: LUANSHYA | K48: Yes | L48: No | M48: No | N48: Urban | O48: 2G 3G | P48: P3 | Q48: BTS | R48: BTS | S48: On Air | T48: Grid-Gen | U48: Green Field | V48: 36 | W48: Outdoor | X48: Neddy Chiwasa | Y48: SBC | Z48: SBC | AA48: MTN | AB48: Mwenya Banda | AC48: GNM | AD48: GNM | AE48: Gen Logic | AF48: Gen Logic | AG48: 20 | AH48: perkins | AI48: 0 | AJ48: Leroy Sommer | AK48: 0 | AL48: 1000 | AM48: Delta | AN48: DPS 2400B-48-5 | AO48: 250 | AP48: Lithium | AQ48: 300 | AR48: 48 | AS48: 100 | AT48: =AQ48/AS48 -> 3 | AU48: N/A | AV48: N/A | AW48: N/A | AX48: n/a | AY48: N/A | AZ48: 67 | BA48: 0 | BB48: 4 | BC48: MTNAirtelINQLiquid Telecom | BD48: T3402 | BE48: ZM6815 | BF48: yes | BH48: 0 | BI48: Palisade | BJ48: Inala | BK48: 44778 | BL48: Yes | BM48: Yes | BO48: 1 | BR48: Done | BT48: No | BU48: No | BV48: No | BY48: n/a | BZ48: n/a | CB48: n/a | CG48: IHS_CBT_050M
A49: 854 | B49: T3011 | C49: IHS_CBT_051M | D49: Luanshya | E49: 28.4217 | F49: -13.1352 | G49: Copperbelt | H49: 4.5 | I49: COPPERBELT | J49: LUANSHYA | K49: No | L49: Yes | M49: No | N49: Urban | O49: 2G 3G 4G | P49: P2 | Q49: HUB | R49: HUB | S49: On Air | T49: Grid-Gen | U49: Green Field | V49: 50 | W49: Indoor | X49: Neddy Chiwasa | Y49: SBC | Z49: SBC | AA49: MTN | AB49: Mwenya Banda | AC49: GNM | AD49: GNM | AE49: Gen Logic | AF49: Gen Logic | AG49: 30 | AH49: perkins | AI49: 0 | AJ49: Leroy Sommer | AK49: 0 | AL49: 1000 | AM49: Power cube | AN49: ICC330-H1-C1 | AO49: 400 | AP49: Lithium | AQ49: 600 | AR49: 48 | AS49: 100 | AT49: =AQ49/AS49 -> 6 | AU49: LG | AV49: LG | AW49: 18000 | AX49: 18000 | AY49: 2 | AZ49: 115 | BA49: 0 | BB49: 3 | BC49: MTNParatus TelecomSmartnet | BD49: T3011 | BE49: 0 | BF49: yes | BH49: 0 | BI49: Palisade | BJ49: Inala | BK49: 44778 | BL49: No | BM49: No | BT49: No | BU49: No | BV49: No | BY49: n/a | BZ49: n/a | CB49: n/a | CG49: IHS_CBT_051M
A50: 859 | B50: T3186 | C50: IHS_CBT_052M | D50: Luanshya New Town | E50: 28.40517 | F50: -13.11295 | G50: Copperbelt | H50: 2 | I50: COPPERBELT | J50: LUANSHYA | K50: No | L50: No | M50: No | N50: Suburban | O50: 2G 3G 4G | P50: P3 | Q50: BTS | R50: BTS | S50: On Air | T50: Grid-Gen | U50: Green Field | V50: 36 | W50: Indoor | X50: Neddy Chiwasa | Y50: SBC | Z50: SBC | AA50: MTN | AB50: Mwenya Banda | AC50: GNM | AD50: GNM | AE50: Gen Logic | AF50: Gen Logic | AG50: 16 | AH50: Yanmar | AI50: 0 | AJ50: Leroy Sommer | AK50: 0 | AL50: 600 | AM50: Delta | AN50: DPS 2400B-48-5 | AO50: 250 | AP50: NARADA | AQ50: 600 | AR50: 2 | AS50: 600 | AT50: 24 | AU50: LG | AV50: LG | AW50: 18000 | AX50: 18000 | AY50: 2 | AZ50: 56 | BA50: 0 | BB50: 1 | BC50: MTN | BD50: T3186 | BE50: 0 | BF50: yes | BH50: 0 | BI50: Palisade | BJ50: Inala | BK50: 44778 | BL50: Yes | BM50: Yes | BR50: pending | BT50: No | BU50: No | BV50: No | BY50: n/a | BZ50: n/a | CB50: n/a | CG50: IHS_CBT_052M
A51: 1584 | B51: T3052 | C51: IHS_CBT_053M | D51: Sakania | E51: 28.48274 | F51: -12.75384 | G51: Copperbelt | H51: 2 | I51: COPPERBELT | J51: NDOLA | K51: No | L51: No | M51: No | N51: Rural | O51: 2G 3G | P51: P4 | Q51: HUB | R51: HUB | S51: On Air | T51: Grid-Gen | U51: Green Field | V51: 70 | W51: Indoor | X51: Elvis Mumba | Y51: SBC | Z51: SBC | AA51: MTN | AB51: Mwenya Banda | AC51: GNM | AD51: GNM | AE51: GL Yanmar | AF51: GL Yanmar | AG51: 16 | AH51: Yanmar | AI51: 4TNE | AJ51: Mecc Alte | AK51: 0 | AL51: 600 | AM51: Delta | AN51: DPS 2400B-48-5 | AO51: 250 | AP51: Power safe | AQ51: 1200 | AR51: 2 | AS51: 1200 | AT51: 24 | AU51: LG | AV51: LG | AW51: 18000 | AX51: 18000 | AY51: 2 | AZ51: 32.9 | BA51: 0 | BB51: 1 | BC51: MTN | BD51: T3052 | BE51: 0 | BF51: 0 | BH51: 0 | BI51: Palisade | BJ51: Inala | BK51: 44778 | BL51: No | BM51: No | BT51: No | BU51: No | BV51: No | BY51: n/a | BZ51: n/a | CB51: n/a | CG51: IHS_CBT_053M
A52: 1094 | B52: T3277 | C52: IHS_CBT_054M | D52: Mikomfwa Market | E52: 28.428161 | F52: -13.15186 | G52: Copperbelt | H52: 2 | I52: COPPERBELT | J52: LUANSHYA | K52: No | L52: No | M52: No | N52: Suburban | O52: 2G 3G | P52: P3 | Q52: BTS | R52: BTS | S52: On Air | T52: Grid-Gen | U52: Green Field | V52: 36 | W52: Outdoor | X52: Neddy Chiwasa | Y52: SBC | Z52: SBC | AA52: MTN | AB52: Mwenya Banda | AC52: GNM | AD52: GNM | AE52: Yanmar | AF52: Yanmar | AG52: 16 | AH52: Yanmar | AI52: 4TNE | AJ52: Mecc Alte | AK52: 0 | AL52: 600 | AM52: Delta | AN52: DPS 2400B-48-5 | AO52: 250 | AP52: Lithium | AQ52: 600 | AR52: 48 | AS52: 100 | AT52: =AQ52/AS52 -> 6 | AU52: N/A | AV52: N/A | AW52: N/A | AX52: n/a | AY52: N/A | AZ52: 75 | BA52: 0 | BB52: 2 | BC52: MTNAirtel | BD52: T3277 | BE52: ZM6733 | BF52: 0 | BH52: 0 | BI52: Palisade | BJ52: Inala | BK52: 44778 | BL52: No | BM52: No | BT52: No | BU52: No | BV52: No | BY52: n/a | BZ52: n/a | CB52: n/a | CG52: IHS_CBT_054M
A53: 207 | B53: T3257 | C53: IHS_CBT_055M | D53: Chinese Colony | E53: 28.40694 | F53: -13.1266 | G53: Copperbelt | H53: 2.5 | I53: COPPERBELT | J53: LUANSHYA | K53: No | L53: No | M53: No | N53: Suburban | O53: 2G 3G | P53: P4 | Q53: BTS | R53: BTS | S53: On Air | T53: Grid-Gen | U53: Roof Top | V53: RT | W53: Outdoor | X53: Neddy Chiwasa | Y53: SBC | Z53: SBC | AA53: MTN | AB53: Mwenya Banda | AC53: CCS | AD53: In House | AE53: No DG | AF53: No DG | AG53: 20 | AH53: N/A | AI53: N/A | AJ53: N/A | AK53: 0 | AL53: N/A | AM53: Delta | AN53: DPS 2400B-48-5 | AO53: 250 | AP53: NARADA | AQ53: 600 | AR53: 2 | AS53: 600 | AT53: 24 | AU53: N/A | AV53: N/A | AW53: N/A | AX53: n/a | AY53: N/A | AZ53: 45 | BA53: 0 | BB53: 1 | BC53: MTN | BD53: T3257 | BE53: 0 | BF53: yes | BH53: 0 | BI53: Palisade | BJ53: Inala | BK53: 44778 | BL53: No | BM53: No | BT53: No | BU53: No | BV53: No | BY53: n/a | BZ53: n/a | CB53: n/a | CG53: IHS_CBT_055M
A54: 1030 | B54: T3043 | C54: IHS_CBT_056M | D54: Masangano | E54: 28.677717 | F54: -13.243867 | G54: Copperbelt | H54: 2 | I54: COPPERBELT | J54: NDOLA | K54: No | L54: Yes | M54: No | N54: Rural | O54: 2G 3G | P54: P4 | Q54: BTS | R54: BTS | S54: On Air | T54: Grid-Gen | U54: Green Field | V54: 70 | W54: Indoor | X54: Elvis Mumba | Y54: SBC | Z54: SBC | AA54: MTN | AB54: Mwenya Banda | AC54: GNM | AD54: GNM | AE54: GL Yanmar | AF54: GL Yanmar | AG54: 16 | AH54: Yanmar | AI54: 4TNE | AJ54: Mecc Alte | AK54: 0 | AL54: 600 | AM54: Delta | AN54: DPS 2400B-48-5 | AO54: 250 | AP54: Amaron | AQ54: 600 | AR54: 2 | AS54: 600 | AT54: 24 | AU54: LG | AV54: LG | AW54: 18000 | AX54: 18000 | AY54: 2 | AZ54: 56 | BA54: 0 | BB54: 2 | BC54: MTNZambia Railways | BD54: T3043 | BE54: 0 | BF54: yes | BH54: 0 | BI54: Palisade | BJ54: Inala | BK54: 44778 | BL54: No | BM54: No | BT54: No | BU54: No | BV54: No | BY54: n/a | BZ54: n/a | CB54: n/a | CG54: IHS_CBT_056M
A55: 857 | B55: T3188 | C55: IHS_CBT_057M | D55: Luanshya Industrial Area | E55: 28.41322 | F55: -13.14892 | G55: Copperbelt | H55: 2 | I55: COPPERBELT | J55: LUANSHYA | K55: No | L55: No | M55: No | N55: Urban | O55: 2G 3G 4G | P55: P2 | Q55: BTS | R55: BTS | S55: On Air | T55: Grid-Gen | U55: Green Field | V55: 36 | W55: Indoor | X55: Neddy Chiwasa | Y55: SBC | Z55: SBC | AA55: MTN | AB55: Mwenya Banda | AC55: GNM | AD55: GNM | AE55: Gen Logic | AF55: Gen Logic | AG55: 16 | AH55: Yanmar | AI55: 0 | AJ55: Mecc Alte | AK55: 0 | AL55: 600 | AM55: Delta | AN55: DPS 2400B-48-5 | AO55: 250 | AP55: Lithium | AQ55: 300 | AR55: 48 | AS55: 100 | AT55: =AQ55/AS55 -> 3 | AU55: LG | AV55: LG | AW55: 18000 | AX55: 18000 | AY55: 2 | AZ55: 65 | BA55: 0 | BB55: 1 | BC55: MTN | BD55: T3188 | BE55: 0 | BF55: 0 | BH55: 0 | BI55: Palisade | BJ55: Inala | BK55: 44778 | BL55: No | BM55: No | BT55: No | BU55: No | BV55: No | BY55: n/a | BZ55: n/a | CB55: n/a | CG55: IHS_CBT_057M
A56: 1091 | B56: T3044 | C56: IHS_CBT_058M | D56: Mikomfwa | E56: 28.420833 | F56: -13.161083 | G56: Copperbelt | H56: 2 | I56: COPPERBELT | J56: LUANSHYA | K56: No | L56: No | M56: No | N56: Suburban | O56: 2G 3G | P56: P2 | Q56: BTS | R56: BB | S56: On Air | T56: Grid-Gen | U56: Green Field | V56: 50 | W56: Indoor | X56: Neddy Chiwasa | Y56: SBC | Z56: SBC | AA56: MTN | AB56: Mwenya Banda | AC56: GNM | AD56: GNM | AE56: Gen Logic | AF56: Gen Logic | AG56: 16 | AH56: Yanmar | AI56: 0 | AJ56: Leroy Sommer | AK56: 0 | AL56: 600 | AM56: Delta | AN56: DPS 2400B-48-5 | AO56: 250 | AP56: NARADA | AQ56: 600 | AR56: 2 | AS56: 600 | AT56: 24 | AU56: GREE | AV56: GREE | AW56: 18000 | AX56: 18000 | AY56: 2 | AZ56: 64 | BA56: 0 | BB56: 1 | BC56: MTN | BD56: T3044 | BE56: 0 | BF56: 0 | BH56: 0 | BI56: Palisade | BJ56: Inala | BK56: 44778 | BL56: No | BM56: No | BT56: No | BU56: No | BV56: No | BY56: n/a | BZ56: n/a | CB56: n/a | CG56: IHS_CBT_058M
A57: 858 | B57: T3184 | C57: IHS_CBT_059M | D57: Luanshya Mine | E57: 28.39602 | F57: -13.13332 | G57: Copperbelt | H57: 2 | I57: COPPERBELT | J57: LUANSHYA | K57: Yes | L57: No | M57: No | N57: Suburban | O57: 2G 3G | P57: P3 | Q57: BTS | R57: BTS | S57: On Air | T57: Grid-Gen | U57: Green Field | V57: 42 | W57: Indoor | X57: Neddy Chiwasa | Y57: SBC | Z57: SBC | AA57: MTN | AB57: Mwenya Banda | AC57: GNM | AD57: GNM | AE57: Gen Logic | AF57: Gen Logic | AG57: 16 | AH57: Yanmar | AI57: 0 | AJ57: Leroy Sommer | AK57: 0 | AL57: 600 | AM57: Delta | AN57: DPS 2400B-48-5 | AO57: 250 | AP57: NARADA | AQ57: 600 | AR57: 2 | AS57: 600 | AT57: 24 | AU57: LG | AV57: LG | AW57: 18000 | AX57: 18000 | AY57: 2 | AZ57: 70 | BA57: 0 | BB57: 2 | BC57: MTNAirtel | BD57: T3184 | BE57: ZM0249 | BF57: 0 | BH57: 0 | BI57: Palisade | BJ57: Inala | BK57: 44778 | BL57: Yes | BM57: Yes | BO57: 1 | BR57: Done | BT57: No | BU57: No | BV57: No | BY57: n/a | BZ57: n/a | CB57: n/a | CG57: IHS_CBT_059M
A58: 629 | B58: T3038 | C58: IHS_CBT_060M | D58: Kansafu | E58: 28.833533 | F58: -13.174483 | G58: Copperbelt | H58: 2 | I58: COPPERBELT | J58: NDOLA | K58: No | L58: No | M58: No | N58: Rural | O58: 2G 3G | P58: P4 | Q58: BTS | R58: BTS | S58: On Air | T58: Grid-Gen | U58: Green Field | V58: 50 | W58: Indoor | X58: Elvis Mumba | Y58: SBC | Z58: SBC | AA58: MTN | AB58: Mwenya Banda | AC58: GNM | AD58: GNM | AE58: Falcon | AF58: Falcon | AG58: 16 | AH58: perkins | AI58: 0 | AJ58: Mecc Alte | AK58: 0 | AL58: 600 | AM58: Delta | AN58: DPS 2400B-48-5 | AO58: 250 | AP58: NARADA | AQ58: 600 | AR58: 2 | AS58: 600 | AT58: 24 | AU58: LG | AV58: LG | AW58: 18000 | AX58: 18000 | AY58: 2 | AZ58: 53 | BA58: 0 | BB58: 2 | BC58: MTNParatus Telecom | BD58: T3038 | BE58: 0 | BF58: yes | BH58: 0 | BI58: Palisade | BJ58: Inala | BK58: 44778 | BL58: No | BM58: No | BT58: No | BU58: No | BV58: No | BY58: n/a | BZ58: n/a | CB58: n/a | CG58: IHS_CBT_060M
A59: 1336 | B59: T3093 | C59: IHS_CBT_061M | D59: Mwekera | E59: 28.358333 | F59: -12.853889 | G59: Copperbelt | H59: 2.5 | I59: COPPERBELT | J59: KITWE | K59: No | L59: No | M59: No | N59: Rural | O59: 2G 3G | P59: P4 | Q59: BTS | R59: BTS | S59: On Air | T59: Grid-Gen | U59: Green Field | V59: 50 | W59: Indoor | X59: Chrispin Lindundu | Y59: SBC | Z59: SBC | AA59: MTN | AB59: Mwenya Banda | AC59: GNM | AD59: GNM | AE59: CK Works | AF59: CK Works | AG59: 20 | AH59: perkins | AI59: 0 | AJ59: Leroy Sommer | AK59: 0 | AL59: 600 | AM59: Delta | AN59: DPS 2400B-48-5 | AO59: 250 | AP59: Wolong | AQ59: 600 | AR59: 2 | AS59: 600 | AT59: 24 | AU59: LG | AV59: LG | AW59: 18000 | AX59: 18000 | AY59: 2 | AZ59: 45 | BA59: 0 | BB59: 2 | BC59: MTNAirtel | BD59: T3093 | BE59: ZM6862 | BF59: 0 | BH59: 0 | BI59: Palisade | BJ59: Inala | BK59: 44778 | BL59: No | BM59: No | BT59: No | BU59: No | BV59: No | BY59: n/a | BZ59: n/a | CB59: n/a | CG59: IHS_CBT_061M
A60: 1565 | B60: T3094 | C60: IHS_CBT_062M | D60: Roan Township | E60: 28.369928 | F60: -13.132169 | G60: Copperbelt | H60: 2.5 | I60: COPPERBELT | J60: LUANSHYA | K60: Yes | L60: Yes | M60: No | N60: Suburban | O60: 2G 3G | P60: P2 | Q60: BTS | R60: HUB | S60: On Air | T60: Grid-Gen | U60: Green Field | V60: 48 | W60: Indoor | X60: Neddy Chiwasa | Y60: SBC | Z60: SBC | AA60: MTN | AB60: Mwenya Banda | AC60: GNM | AD60: GNM | AE60: CK Works | AF60: CK Works | AG60: 20 | AH60: perkins | AI60: 4TNE | AJ60: Leroy Sommer | AK60: 0 | AL60: 600 | AM60: Delta | AN60: DPS 2400B-48-5 | AO60: 250 | AP60: Lithium | AQ60: 500 | AR60: 48 | AS60: 100 | AT60: =AQ60/AS60 -> 5 | AU60: LG | AV60: LG | AW60: 18000 | AX60: 18000 | AY60: 2 | AZ60: 79 | BA60: 0 | BB60: 1 | BC60: MTN | BD60: T3094 | BE60: 0 | BF60: 0 | BH60: 0 | BI60: Palisade | BJ60: Inala | BK60: 44778 | BL60: No | BM60: No | BT60: No | BU60: No | BV60: No | BY60: n/a | BZ60: n/a | CB60: n/a | CG60: IHS_CBT_062M
A61: 23 | B61: T3087 | C61: IHS_CBT_063M | D61: Baluba | E61: 28.33575 | F61: -14.01609 | G61: Copperbelt | H61: 2 | I61: COPPERBELT | J61: LUANSHYA | K61: No | L61: No | M61: No | N61: Rural | O61: 2G 3G | P61: P4 | Q61: BTS | R61: BTS | S61: On Air | T61: Grid-Gen | U61: Green Field | V61: 60 | W61: Indoor | X61: Neddy Chiwasa | Y61: SBC | Z61: SBC | AA61: MTN | AB61: Mwenya Banda | AC61: GNM | AD61: GNM | AE61: Yanmar | AF61: Yanmar | AG61: 16 | AH61: Yanmar | AI61: 4TNE | AJ61: Mecc Alte | AK61: 0 | AL61: 600 | AM61: Delta | AN61: DPS 2400B-48-5 | AO61: 250 | AP61: C&D True | AQ61: 1056 | AR61: 12 | AS61: 176 | AT61: 24 | AU61: LG | AV61: LG | AW61: 18000 | AX61: 18000 | AY61: 2 | AZ61: 89 | BA61: 0 | BB61: 1 | BC61: MTN | BD61: T3087 | BE61: 0 | BF61: 0 | BH61: 0 | BI61: Palisade | BJ61: Inala | BK61: 44778 | BL61: No | BM61: No | BT61: No | BU61: No | BV61: No | BY61: n/a | BZ61: n/a | CB61: n/a | CG61: IHS_CBT_063M
A62: 357 | B62: T3320 | C62: IHS_CBT_064M | D62: Finsansa Basic | E62: 28.35937 | F62: -13.12831 | G62: Copperbelt | H62: 2 | I62: COPPERBELT | J62: LUANSHYA | K62: No | L62: No | M62: No | N62: Suburban | O62: 2G 3G | P62: P4 | Q62: BTS | R62: BTS | S62: On Air | T62: Grid-Gen | U62: Green Field | V62: 30 | W62: Outdoor | X62: Neddy Chiwasa | Y62: SBC | Z62: SBC | AA62: MTN | AB62: Mwenya Banda | AC62: GNM | AD62: GNM | AE62: Yanmar | AF62: Yanmar | AG62: 16 | AH62: Yanmar | AI62: 4TNE | AJ62: Mecc Alte | AK62: 0 | AL62: 600 | AM62: Delta | AN62: DPS 2400B-48-5 | AO62: 250 | AP62: Lithium | AQ62: 300 | AR62: 48 | AS62: 100 | AT62: =AQ62/AS62 -> 3 | AU62: N/A | AV62: N/A | AW62: N/A | AX62: n/a | AY62: N/A | AZ62: 42 | BA62: 0 | BB62: 2 | BC62: MTNAirtel | BD62: T3320 | BE62: ZM6808 | BF62: 0 | BH62: 0 | BI62: Palisade | BJ62: Inala | BK62: 44778 | BL62: Yes | BM62: Yes | BR62: pending | BT62: No | BU62: No | BV62: No | BY62: n/a | BZ62: n/a | CB62: n/a | CG62: IHS_CBT_064M
A63: 1149 | B63: T3247 | C63: IHS_CBT_065M | D63: Mpatamato East | E63: 28.33275 | F63: -13.10713 | G63: Copperbelt | H63: 2 | I63: COPPERBELT | J63: LUANSHYA | K63: No | L63: No | M63: No | N63: Suburban | O63: 2G 3G | P63: P3 | Q63: BTS | R63: BTS | S63: On Air | T63: Grid-Gen | U63: Green Field | V63: 36 | W63: Indoor | X63: Neddy Chiwasa | Y63: SBC | Z63: SBC | AA63: MTN | AB63: Mwenya Banda | AC63: GNM | AD63: GNM | AE63: Yanmar | AF63: Yanmar | AG63: 16 | AH63: Yanmar | AI63: 4TNE | AJ63: Mecc Alte | AK63: 0 | AL63: 600 | AM63: Delta | AN63: DPS 2400B-48-5 | AO63: 250 | AP63: NARADA | AQ63: 600 | AR63: 2 | AS63: 600 | AT63: 24 | AU63: GREE | AV63: GREE | AW63: 18000 | AX63: 18000 | AY63: 2 | AZ63: 90 | BA63: 0 | BB63: 2 | BC63: MTNAirtel | BD63: T3247 | BE63: ZM0248 | BF63: 0 | BH63: 0 | BI63: Palisade | BJ63: Inala | BK63: 44778 | BL63: No | BM63: No | BT63: No | BU63: No | BV63: No | BY63: n/a | BZ63: n/a | CB63: n/a | CG63: IHS_CBT_065M
A64: 1246 | B64: T3282 | C64: IHS_CBT_066M | D64: Mulyashi | E64: 28.31629 | F64: -13.06224 | G64: Copperbelt | H64: 2 | I64: COPPERBELT | J64: LUANSHYA | K64: No | L64: No | M64: No | N64: Rural | O64: 2G 3G | P64: P4 | Q64: BTS | R64: BTS | S64: On Air | T64: Grid-Gen | U64: Green Field | V64: 60 | W64: Outdoor | X64: Neddy Chiwasa | Y64: SBC | Z64: SBC | AA64: MTN | AB64: Mwenya Banda | AC64: GNM | AD64: GNM | AE64: Yanmar | AF64: Yanmar | AG64: 15 | AH64: Yanmar | AI64: 4TNE | AJ64: Mecc Alte | AK64: 0 | AL64: 600 | AM64: Delta | AN64: DPS 2400B-48-5 | AO64: 250 | AP64: C&D True | AQ64: 1056 | AR64: 12 | AS64: 176 | AT64: 24 | AU64: N/A | AV64: N/A | AW64: N/A | AX64: n/a | AY64: N/A | AZ64: 49 | BA64: 0 | BB64: 1 | BC64: MTN | BD64: T3282 | BE64: 0 | BF64: 0 | BH64: 0 | BI64: Palisade | BJ64: Inala | BK64: 44778 | BL64: No | BM64: No | BT64: No | BU64: No | BV64: No | BY64: n/a | BZ64: n/a | CB64: n/a | CG64: IHS_CBT_066M
A65: 1147 | B65: T3014 | C65: IHS_CBT_067M | D65: Mpatamato | E65: 28.325317 | F65: -13.098683 | G65: Copperbelt | H65: 2 | I65: COPPERBELT | J65: LUANSHYA | K65: No | L65: No | M65: No | N65: Suburban | O65: 2G 3G | P65: P3 | Q65: BTS | R65: Hub | S65: On Air | T65: Grid-Gen | U65: Green Field | V65: 60 | W65: Indoor | X65: Neddy Chiwasa | Y65: SBC | Z65: SBC | AA65: MTN | AB65: Mwenya Banda | AC65: GNM | AD65: GNM | AE65: Gen Logic | AF65: Gen Logic | AG65: 16 | AH65: Yanmar | AI65: 4TNE | AJ65: Leroy Sommer | AK65: 0 | AL65: 600 | AM65: Delta | AN65: DPS 2400B-48-5 | AO65: 250 | AP65: NARADA | AQ65: 600 | AR65: 2 | AS65: 600 | AT65: 24 | AU65: LG | AV65: LG | AW65: 18000 | AX65: 18000 | AY65: 2 | AZ65: 55 | BA65: 0 | BB65: 1 | BC65: MTN | BD65: T3014 | BE65: 0 | BF65: 0 | BH65: 0 | BI65: Palisade | BJ65: Inala | BK65: 44778 | BL65: No | BM65: No | BT65: No | BU65: No | BV65: No | BY65: n/a | BZ65: n/a | CB65: n/a | CG65: IHS_CBT_067M
A66: 1148 | B66: T3364 | C66: IHS_CBT_068M | D66: Mpatamato Central | E66: 28.30919 | F66: -13.10214 | G66: Copperbelt | H66: 1.8 | I66: COPPERBELT | J66: LUANSHYA | K66: No | L66: No | M66: No | N66: Suburban | O66: 2G 3G | P66: P4 | Q66: BTS | R66: BTS | S66: On Air | T66: Grid-Gen | U66: Green Field | V66: 60 | W66: Outdoor | X66: Neddy Chiwasa | Y66: SBC | Z66: SBC | AA66: MTN | AB66: Mwenya Banda | AC66: GNM | AD66: GNM | AE66: perkins | AF66: perkins | AG66: 15 | AH66: perkins | AI66: 0 | AJ66: Leroy Sommer | AK66: 0 | AL66: 600 | AM66: Delta | AN66: DPS 2400B-48-5 | AO66: 250 | AP66: Lithium | AQ66: 200 | AR66: 48 | AS66: 100 | AT66: =AQ66/AS66 -> 2 | AU66: N/A | AV66: N/A | AW66: N/A | AX66: n/a | AY66: N/A | AZ66: 51.3 | BA66: 0 | BB66: 1 | BC66: MTN | BD66: T3364 | BE66: 0 | BF66: 0 | BH66: 0 | BI66: Palisade | BJ66: Inala | BK66: 44778 | BL66: Yes | BM66: Yes | BR66: pending | BT66: No | BU66: No | BV66: No | BY66: n/a | BZ66: n/a | CB66: n/a | CG66: IHS_CBT_068M
A67: 1150 | B67: T3185 | C67: IHS_CBT_069M | D67: Mpatamato West | E67: 28.31 | F67: -13.12076 | G67: Copperbelt | H67: 2 | I67: COPPERBELT | J67: LUANSHYA | K67: No | L67: No | M67: No | N67: Suburban | O67: 2G 3G | P67: P4 | Q67: HUB | R67: BTS | S67: On Air | T67: Grid-Gen | U67: Green Field | V67: 80 | W67: Indoor | X67: Neddy Chiwasa | Y67: SBC | Z67: SBC | AA67: MTN | AB67: Mwenya Banda | AC67: GNM | AD67: GNM | AE67: Gen Logic | AF67: Gen Logic | AG67: 16 | AH67: Yanmar | AI67: 0 | AJ67: Leroy Sommer | AK67: 0 | AL67: 600 | AM67: Delta | AN67: DPS 2400B-48-5 | AO67: 250 | AP67: NARADA | AQ67: 600 | AR67: 2 | AS67: 600 | AT67: 24 | AU67: LG | AV67: LG | AW67: 18000 | AX67: 18000 | AY67: 2 | AZ67: 65 | BA67: 0 | BB67: 2 | BC67: MTNAirtel | BD67: T3185 | BE67: ZM6151 | BF67: 0 | BH67: 0 | BI67: Palisade | BJ67: Inala | BK67: 44778 | BL67: No | BM67: No | BT67: No | BU67: No | BV67: No | BY67: n/a | BZ67: n/a | CB67: n/a | CG67: IHS_CBT_069M
A68: 740 | B68: T3295 | C68: IHS_CBT_070M | D68: Kauanga Basic | E68: 28.75039 | F68: -13.31202 | G68: Copperbelt | H68: 2.5 | I68: Central | J68: KAPIRI | K68: No | L68: No | M68: No | N68: Rural | O68: 2G | P68: P4 | Q68: BTS | R68: BTS | S68: On Air | T68: Grid-Gen | U68: Green Field | V68: 60 | W68: Outdoor | X68: Elvis Mumba | Y68: SBC | Z68: SBC | AA68: MTN | AB68: Mwenya Banda | AC68: GNM | AD68: GNM | AE68: Earth Technology | AF68: Earth technology | AG68: 20 | AH68: perkins | AI68: 0 | AJ68: Leroy Sommer | AK68: 0 | AL68: 400 | AM68: Delta | AN68: DPS 2400B-48-5 | AO68: 250 | AP68: C&D True | AQ68: 1056 | AR68: 12 | AS68: 176 | AT68: 24 | AU68: N/A | AV68: N/A | AW68: N/A | AX68: n/a | AY68: N/A | AZ68: 56 | BA68: 0 | BB68: 1 | BC68: MTN | BD68: T3295 | BE68: 0 | BF68: 0 | BH68: 0 | BI68: Palisade | BJ68: Inala | BK68: 44778 | BL68: No | BM68: No | BT68: No | BU68: No | BV68: No | BY68: n/a | BZ68: n/a | CB68: n/a | CG68: IHS_CBT_070M
A69: 1026 | B69: T3212 | C69: IHS_CBT_071M | D69: Masaiti Council | E69: 28.40496 | F69: -13.2614 | G69: Copperbelt | H69: 2 | I69: COPPERBELT | J69: MASAITI | K69: No | L69: No | M69: No | N69: Rural | O69: 2G 3G | P69: P4 | Q69: BTS | R69: BTS | S69: On Air | T69: Grid-Gen | U69: Green Field | V69: 48 | W69: Indoor | X69: Neddy Chiwasa | Y69: SBC | Z69: SBC | AA69: MTN | AB69: Mwenya Banda | AC69: GNM | AD69: GNM | AE69: GL Yanmar | AF69: GL Yanmar | AG69: 16 | AH69: Yanmar | AI69: 4TNE | AJ69: Mecc Alte | AK69: 0 | AL69: 600 | AM69: Delta | AN69: DPS 2400B-48-5 | AO69: 250 | AP69: Agisson | AQ69: 600 | AR69: 2 | AS69: 600 | AT69: 24 | AU69: LG | AV69: LG | AW69: 18000 | AX69: 18000 | AY69: 2 | AZ69: 46 | BA69: 0 | BB69: 2 | BC69: MTNAirtel | BD69: T3212 | BE69: ZM3761 | BF69: 0 | BH69: 0 | BI69: Palisade | BJ69: Inala | BK69: 44778 | BL69: No | BM69: No | BT69: No | BU69: No | BV69: No | BY69: n/a | BZ69: n/a | CB69: n/a | CG69: IHS_CBT_071M
A70: 1753 | B70: T3155 | C70: IHS_CBT_072M | D70: Twasekela Basic | E70: 28.41024 | F70: -12.67459 | G70: Copperbelt | H70: 2.5 | I70: COPPERBELT | J70: MUFULIRA | K70: No | L70: No | M70: No | N70: Rural | O70: 2G 3G | P70: P4 | Q70: BTS | R70: HUB | S70: On Air | T70: Grid-Gen | U70: Green Field | V70: 48 | W70: Indoor | X70: Elvis Mumba | Y70: SBC | Z70: SBC | AA70: MTN | AB70: Mwenya Banda | AC70: GNM | AD70: GNM | AE70: Ghadder | AF70: Ghadder | AG70: 20 | AH70: perkins | AI70: 0 | AJ70: Leroy Sommer | AK70: 0 | AL70: 750 | AM70: Power cube | AN70: ICC330-HA1-C10 | AO70: 0 | AP70: Lithium | AQ70: 200 | AR70: 48 | AS70: 100 | AT70: =AQ70/AS70 -> 2 | AU70: LG | AV70: LG | AW70: 18000 | AX70: 18000 | AY70: 2 | AZ70: 35 | BA70: 0 | BB70: 1 | BC70: MTN | BD70: T3155 | BE70: 0 | BF70: 0 | BH70: 0 | BI70: Palisade | BJ70: Inala | BK70: 44778 | BL70: No | BM70: No | BT70: No | BU70: No | BV70: No | BY70: n/a | BZ70: n/a | CB70: n/a | CG70: IHS_CBT_072M
A71: 68 | B71: T3347 | C71: IHS_CBT_073M | D71: Cedrics Farm | E71: 28.25629 | F71: -12.906 | G71: Copperbelt | H71: 1.8 | I71: COPPERBELT | J71: KITWE | K71: No | L71: No | M71: No | N71: Rural | O71: 2G 3G | P71: P4 | Q71: BTS | R71: BTS | S71: On Air | T71: Grid-Gen | U71: Green Field | V71: 40 | W71: Outdoor | X71: Chrispin Lindundu | Y71: SBC | Z71: SBC | AA71: MTN | AB71: Mwenya Banda | AC71: GNM | AD71: GNM | AE71: perkins | AF71: perkins | AG71: 15 | AH71: perkins | AI71: 0 | AJ71: Leroy Sommer | AK71: 0 | AL71: 1000 | AM71: Delta | AN71: DPS 2400B-48-5 | AO71: 250 | AP71: Agisson | AQ71: 600 | AR71: 2 | AS71: 600 | AT71: 24 | AU71: N/A | AV71: N/A | AW71: N/A | AX71: n/a | AY71: N/A | AZ71: 89 | BA71: 0 | BB71: 2 | BC71: MTNAirtel | BD71: T3347 | BE71: ZM6869 | BF71: 0 | BH71: 0 | BI71: Palisade | BJ71: Inala | BK71: 44778 | BL71: No | BM71: No | BT71: Yes | BU71: No | BV71: No | BY71: n/a | BZ71: n/a | CB71: n/a | CG71: IHS_CBT_073M
A72: 843 | B72: T3178 | C72: IHS_CBT_074M | D72: Luangwa | E72: 28.24499 | F72: -12.87562 | G72: Copperbelt | H72: 2 | I72: COPPERBELT | J72: KITWE | K72: Yes | L72: No | M72: No | N72: Suburban | O72: 2G 3G | P72: P3 | Q72: BTS | R72: BTS | S72: On Air | T72: Grid-Gen | U72: Green Field | V72: 48 | W72: Indoor | X72: Chrispin Lindundu | Y72: SBC | Z72: SBC | AA72: MTN | AB72: Mwenya Banda | AC72: GNM | AD72: GNM | AE72: Gen Logic | AF72: Gen Logic | AG72: 16 | AH72: Yanmar | AI72: 0 | AJ72: Leroy Sommer | AK72: 0 | AL72: 600 | AM72: Delta | AN72: DPS 2400B-48-5 | AO72: 250 | AP72: NARADA | AQ72: 600 | AR72: 2 | AS72: 600 | AT72: 24 | AU72: LG | AV72: LG | AW72: 18000 | AX72: 18000 | AY72: 2 | AZ72: 75 | BA72: 0 | BB72: 1 | BC72: MTN | BD72: T3178 | BE72: 0 | BF72: yes | BH72: 0 | BI72: Palisade | BJ72: Inala | BK72: 44778 | BL72: No | BM72: No | BT72: No | BU72: No | BV72: No | BY72: n/a | BZ72: n/a | CB72: n/a | CG72: IHS_CBT_074M
A73: 1405 | B73: T3245 | C73: IHS_CBT_075M | D73: Ndeke Changachanga | E73: 28.24864 | F73: -12.85817 | G73: Copperbelt | H73: 2.5 | I73: COPPERBELT | J73: KITWE | K73: Yes | L73: Yes | M73: No | N73: Suburban | O73: 2G 3G | P73: P3 | Q73: BTS | R73: BTS | S73: On Air | T73: Grid-Gen | U73: Green Field | V73: 36 | W73: Indoor | X73: Chrispin Lindundu | Y73: SBC | Z73: SBC | AA73: MTN | AB73: Mwenya Banda | AC73: GNM | AD73: GNM | AE73: Gen Logic | AF73: Gen Logic | AG73: 20 | AH73: Yanmar | AI73: 0 | AJ73: Mecc Alte | AK73: 0 | AL73: 600 | AM73: Delta | AN73: DPS 2400B-48-5 | AO73: 250 | AP73: Lithium | AQ73: 500 | AR73: 48 | AS73: 100 | AT73: =AQ73/AS73 -> 5 | AU73: LG | AV73: LG | AW73: 18000 | AX73: 18000 | AY73: 2 | AZ73: 110 | BA73: 0 | BB73: 1 | BC73: MTN | BD73: T3245 | BE73: 0 | BF73: yes | BH73: 0 | BI73: Palisade | BJ73: Inala | BK73: 44778 | BL73: No | BM73: No | BT73: No | BU73: No | BV73: No | BY73: n/a | BZ73: n/a | CB73: n/a | CG73: IHS_CBT_075M
A74: 1024 | B74: T3012 | C74: IHS_CBT_076M | D74: Masaiti | E74: 28.41905 | F74: -13.3241 | G74: Copperbelt | H74: 2 | I74: COPPERBELT | J74: MASAITI | K74: No | L74: No | M74: No | N74: Rural | O74: 2G 3G | P74: P3 | Q74: BTS | R74: BTS | S74: On Air | T74: Grid-Gen | U74: Green Field | V74: 48 | W74: Indoor | X74: Neddy Chiwasa | Y74: SBC | Z74: SBC | AA74: MTN | AB74: Mwenya Banda | AC74: GNM | AD74: GNM | AE74: GL Yanmar | AF74: GL Yanmar | AG74: 16 | AH74: Yanmar | AI74: 4TNE | AJ74: Mecc Alte | AK74: 0 | AL74: 600 | AM74: Delta | AN74: DPS 2400B-48-5 | AO74: 250 | AP74: NARADA | AQ74: 600 | AR74: 2 | AS74: 600 | AT74: 24 | AU74: LG | AV74: LG | AW74: 18000 | AX74: 18000 | AY74: 2 | AZ74: 37 | BA74: 0 | BB74: 1 | BC74: MTN | BD74: T3012 | BE74: 0 | BF74: 0 | BH74: 0 | BI74: Palisade | BJ74: Inala | BK74: 44778 | BL74: No | BM74: No | BT74: No | BU74: No | BV74: No | BY74: n/a | BZ74: n/a | CB74: n/a | CG74: IHS_CBT_076M
A75: 1152 | B75: T3015 | C75: IHS_CBT_077M | D75: Mpelembe | E75: 28.25125 | F75: -12.818 | G75: Copperbelt | H75: 2 | I75: COPPERBELT | J75: KITWE | K75: Yes | L75: Yes | M75: No | N75: Urban | O75: 2G 3G 4G | P75: P3 | Q75: BTS | R75: BTS | S75: On Air | T75: Grid-Gen | U75: Green Field | V75: 60 | W75: Indoor | X75: Chrispin Lindundu | Y75: SBC | Z75: SBC | AA75: MTN | AB75: Mwenya Banda | AC75: GNM | AD75: GNM | AE75: Gen Logic | AF75: Gen Logic | AG75: 16 | AH75: Yanmar | AI75: 4TNE | AJ75: Mecc Alte | AK75: 0 | AL75: 600 | AM75: Delta | AN75: DPS 2400B-48-5 | AO75: 250 | AP75: NARADA | AQ75: 600 | AR75: 2 | AS75: 600 | AT75: 24 | AU75: LG | AV75: LG | AW75: 18000 | AX75: 18000 | AY75: 2 | AZ75: 89.1 | BA75: 0 | BB75: 2 | BC75: MTNLiquid Telecom | BD75: T3015 | BE75: 0 | BF75: yes | BH75: 0 | BI75: Palisade | BJ75: Inala | BK75: 44778 | BL75: No | BM75: No | BT75: No | BU75: No | BV75: No | BY75: n/a | BZ75: n/a | CB75: n/a | CG75: IHS_CBT_077M
A76: 51 | B76: T3325 | C76: IHS_CBT_078M | D76: Bupe | E76: 28.23505 | F76: -12.86375 | G76: Copperbelt | H76: 2 | I76: COPPERBELT | J76: KITWE | K76: No | L76: No | M76: No | N76: Suburban | O76: 2G 3G | P76: P2 | Q76: BTS | R76: BTS | S76: On Air | T76: Grid-Gen | U76: Green Field | V76: 36 | W76: Outdoor | X76: Chrispin Lindundu | Y76: SBC | Z76: SBC | AA76: MTN | AB76: Mwenya Banda | AC76: GNM | AD76: GNM | AE76: Gen Logic | AF76: Gen Logic | AG76: 16 | AH76: Yanmar | AI76: 0 | AJ76: Leroy Sommer | AK76: 0 | AL76: 600 | AM76: Delta | AN76: DPS 2400B-48-5 | AO76: 250 | AP76: Wolong | AQ76: 600 | AR76: 2 | AS76: 600 | AT76: 24 | AU76: N/A | AV76: N/A | AW76: N/A | AX76: n/a | AY76: N/A | AZ76: 153 | BA76: 0 | BB76: 1 | BC76: MTN | BD76: T3325 | BE76: 0 | BF76: 0 | BH76: 0 | BI76: Palisade | BJ76: Inala | BK76: 44778 | BL76: No | BM76: No | BT76: No | BU76: No | BV76: No | BY76: n/a | BZ76: n/a | CB76: n/a | CG76: IHS_CBT_078M
A77: 1404 | B77: T3121 | C77: IHS_CBT_079M | D77: Ndeke | E77: 28.238475 | F77: -12.846225 | G77: Copperbelt | H77: 2.5 | I77: COPPERBELT | J77: KITWE | K77: Yes | L77: Yes | M77: No | N77: Suburban | O77: 2G 3G 4G | P77: P2 | Q77: BTS | R77: BB | S77: On Air | T77: Grid-Gen | U77: Green Field | V77: 54 | W77: Indoor | X77: Chrispin Lindundu | Y77: SBC | Z77: SBC | AA77: MTN | AB77: Mwenya Banda | AC77: GNM | AD77: GNM | AE77: CK Works | AF77: CK Works | AG77: 20 | AH77: perkins | AI77: 0 | AJ77: Leroy Sommer | AK77: 0 | AL77: 600 | AM77: Power cube | AN77: ICC330-H1-C1 | AO77: 400 | AP77: Lithium | AQ77: 600 | AR77: 48 | AS77: 100 | AT77: =AQ77/AS77 -> 6 | AU77: Energy star | AV77: Energy star | AW77: 18000 | AX77: 18000 | AY77: 2 | AZ77: 101 | BA77: 0 | BB77: 2 | BC77: MTNAirtel | BD77: T3121 | BE77: ZM0254 | BF77: 0 | BH77: 0 | BI77: Palisade | BJ77: Inala | BK77: 44778 | BL77: No | BM77: No | BT77: No | BU77: No | BV77: No | BY77: n/a | BZ77: n/a | CB77: n/a | CG77: IHS_CBT_079M
A78: 540 | B78: T3169 | C78: IHS_CBT_080M | D78: Kalambo | E78: 28.24863 | F78: -12.80056 | G78: Copperbelt | H78: 2 | I78: COPPERBELT | J78: KITWE | K78: Yes | L78: Yes | M78: No | N78: Suburban | O78: 2G 3G 4G | P78: P1 | Q78: BTS | R78: BTS | S78: On Air | T78: Grid-Gen | U78: Green Field | V78: 42 | W78: Indoor | X78: Chrispin Lindundu | Y78: SBC | Z78: SBC | AA78: MTN | AB78: Mwenya Banda | AC78: GNM | AD78: GNM | AE78: Gen Logic | AF78: Gen Logic | AG78: 16 | AH78: Yanmar | AI78: 0 | AJ78: Leroy Sommer | AK78: 0 | AL78: 600 | AM78: Delta | AN78: DPS 2400B-48-5 | AO78: 250 | AP78: Agisson | AQ78: 600 | AR78: 2 | AS78: 600 | AT78: 24 | AU78: LG | AV78: LG | AW78: 18000 | AX78: 18000 | AY78: 2 | AZ78: 78.5 | BA78: 0 | BB78: 2 | BC78: MTNLiquid Telecom | BD78: T3169 | BE78: 0 | BF78: 0 | BH78: 0 | BI78: Palisade | BJ78: Inala | BK78: 44778 | BL78: No | BM78: No | BT78: No | BU78: No | BV78: No | BY78: n/a | BZ78: n/a | CB78: n/a | CG78: IHS_CBT_080M
A79: 103 | B79: T3028 | C79: IHS_CBT_081M | D79: Chamboli | E79: 28.225567 | F79: -12.8606 | G79: Copperbelt | H79: 2 | I79: COPPERBELT | J79: KITWE | K79: Yes | L79: No | M79: No | N79: Suburban | O79: 2G 3G | P79: P3 | Q79: BTS | R79: BTS | S79: On Air | T79: Grid-Gen | U79: Green Field | V79: 36 | W79: Indoor | X79: Chrispin Lindundu | Y79: SBC | Z79: SBC | AA79: MTN | AB79: Mwenya Banda | AC79: GNM | AD79: GNM | AE79: Gen Logic | AF79: Gen Logic | AG79: 16 | AH79: Yanmar | AI79: 0 | AJ79: Leroy Sommer | AK79: 0 | AL79: 600 | AM79: Delta | AN79: DPS 2400B-48-5 | AO79: 250 | AP79: Amaron | AQ79: 600 | AR79: 2 | AS79: 600 | AT79: 24 | AU79: LG | AV79: LG | AW79: 18000 | AX79: 18000 | AY79: 2 | AZ79: 86.5 | BA79: 0 | BB79: 1 | BC79: MTN | BD79: T3028 | BE79: 0 | BF79: 0 | BH79: 0 | BI79: Palisade | BJ79: Inala | BK79: 44778 | BL79: No | BM79: No | BT79: No | BU79: No | BV79: No | BY79: n/a | BZ79: n/a | CB79: n/a | CG79: IHS_CBT_081M
A80: 1407 | B80: T3235 | C80: IHS_CBT_082M | D80: Ndeke Extension | E80: 28.23233 | F80: -12.83707 | G80: Copperbelt | H80: 2.5 | I80: COPPERBELT | J80: KITWE | K80: Yes | L80: Yes | M80: No | N80: Suburban | O80: 2G 3G 4G | P80: P3 | Q80: BTS | R80: BTS | S80: On Air | T80: Grid-Gen | U80: Green Field | V80: 36 | W80: Indoor | X80: Chrispin Lindundu | Y80: SBC | Z80: SBC | AA80: MTN | AB80: Mwenya Banda | AC80: GNM | AD80: GNM | AE80: Gen Logic | AF80: Gen Logic | AG80: 20 | AH80: Yanmar | AI80: 0 | AJ80: Leroy Sommer | AK80: 0 | AL80: 600 | AM80: Delta | AN80: DPS 2400B-48-5 | AO80: 250 | AP80: Amaron | AQ80: 600 | AR80: 2 | AS80: 600 | AT80: 24 | AU80: Energy star | AV80: Energy star | AW80: 18000 | AX80: 18000 | AY80: 2 | AZ80: 153 | BA80: 0 | BB80: 2 | BC80: MTNAirtel | BD80: T3235 | BE80: ZM6786 | BF80: 0 | BH80: 0 | BI80: Palisade | BJ80: Inala | BK80: 44778 | BL80: No | BM80: No | BT80: No | BU80: No | BV80: Yes | BY80: Pending | BZ80: 30 | CB80: Pending | CG80: IHS_CBT_082M
A81: 1458 | B81: T3171 | C81: IHS_CBT_083M | D81: Nkana East | E81: 28.2365 | F81: -12.82172 | G81: Copperbelt | H81: 2 | I81: COPPERBELT | J81: KITWE | K81: Yes | L81: Yes | M81: No | N81: Urban | O81: 2G 3G 4G | P81: P2 | Q81: BTS | R81: HUB | S81: On Air | T81: Grid-Gen | U81: Green Field | V81: 36 | W81: Indoor | X81: Chrispin Lindundu | Y81: SBC | Z81: SBC | AA81: MTN | AB81: Mwenya Banda | AC81: GNM | AD81: GNM | AE81: Gen Logic | AF81: Gen Logic | AG81: 16 | AH81: Yanmar | AI81: 0 | AJ81: Leroy Sommer | AK81: 0 | AL81: 600 | AM81: Power cube | AN81: ICC330-H1-C1 | AO81: 250 | AP81: Lithium | AQ81: 400 | AR81: 48 | AS81: 100 | AT81: =AQ81/AS81 -> 4 | AU81: LG | AV81: LG | AW81: 18000 | AX81: 18000 | AY81: 2 | AZ81: 75 | BA81: 0 | BB81: 2 | BC81: MTNLiquid Telecom | BD81: T3171 | BE81: 0 | BF81: yes | BH81: 0 | BI81: Palisade | BJ81: Inala | BK81: 44778 | BL81: No | BM81: No | BT81: No | BU81: No | BV81: No | BY81: n/a | BZ81: n/a | CB81: n/a | CG81: IHS_CBT_083M
A82: 779 | B82: T3092 | C82: IHS_CBT_084M | D82: Kitwe ZNS | E82: 28.2049 | F82: -12.94404 | G82: Copperbelt | H82: 1.8 | I82: COPPERBELT | J82: KITWE | K82: No | L82: No | M82: No | N82: Rural | O82: 2G 3G | P82: P4 | Q82: HUB | R82: HUB | S82: On Air | T82: Grid-Gen | U82: Green Field | V82: 70 | W82: Indoor | X82: Chrispin Lindundu | Y82: SBC | Z82: SBC | AA82: MTN | AB82: Mwenya Banda | AC82: GNM | AD82: GNM | AE82: CDP | AF82: CDP | AG82: 15 | AH82: perkins | AI82: 0 | AJ82: Leroy Sommer | AK82: 0 | AL82: 600 | AM82: Delta | AN82: DPS 2400B-48-5 | AO82: 250 | AP82: C&D True | AQ82: 1056 | AR82: 12 | AS82: 176 | AT82: 24 | AU82: LG | AV82: LG | AW82: 18000 | AX82: 18000 | AY82: 2 | AZ82: 35 | BA82: 0 | BB82: 1 | BC82: MTN | BD82: T3092 | BE82: 0 | BF82: yes | BH82: 0 | BI82: Palisade | BJ82: Inala | BK82: 44778 | BL82: No | BM82: No | BT82: No | BU82: No | BV82: No | BY82: n/a | BZ82: n/a | CB82: n/a | CG82: IHS_CBT_084M
A83: 329 | B83: T3384 | C83: IHS_CBT_085M | D83: Dangote | E83: 28.24504 | F83: -12.79135 | G83: Copperbelt | H83: 2.5 | I83: COPPERBELT | J83: NDOLA | K83: No | L83: No | M83: No | N83: Rural | O83: 2G 3G 4G | P83: P4 | Q83: BTS | R83: BTS | S83: On Air | T83: Grid-Gen | U83: Green Field | V83: 54 | W83: Outdoor | X83: Elvis Mumba | Y83: SBC | Z83: SBC | AA83: MTN | AB83: Mwenya Banda | AC83: GNM | AD83: GNM | AE83: Earth Technology | AF83: Earth technology | AG83: 13 | AH83: perkins | AI83: 0 | AJ83: Leroy Sommer | AK83: 0 | AL83: 600 | AM83: Delta | AN83: DPS 2400B-48-5 | AO83: 250 | AP83: Lithium | AQ83: 200 | AR83: 48 | AS83: 100 | AT83: =AQ83/AS83 -> 2 | AU83: N/A | AV83: N/A | AW83: N/A | AX83: n/a | AY83: N/A | AZ83: 90 | BA83: 0 | BB83: 2 | BC83: MTNAirtel | BD83: T3246 | BE83: ZM6634 | BF83: 0 | BH83: 0 | BI83: Palisade | BJ83: Inala | BK83: 44778 | BL83: No | BM83: No | BT83: No | BU83: No | BV83: No | BY83: n/a | BZ83: n/a | CB83: n/a | CG83: IHS_CBT_085M
A84: 1110 | B84: T3179 | C84: IHS_CBT_086M | D84: Minsenshi-natwange | E84: 28.22344 | F84: -12.84361 | G84: Copperbelt | H84: 2 | I84: COPPERBELT | J84: KITWE | K84: Yes | L84: No | M84: No | N84: Suburban | O84: 2G 3G 4G | P84: P3 | Q84: BTS | R84: BTS | S84: On Air | T84: Grid-Gen | U84: Green Field | V84: 36 | W84: Indoor | X84: Chrispin Lindundu | Y84: SBC | Z84: SBC | AA84: MTN | AB84: Mwenya Banda | AC84: GNM | AD84: GNM | AE84: Gen Logic | AF84: Gen Logic | AG84: 16 | AH84: Yanmar | AI84: 0 | AJ84: Leroy Sommer | AK84: 0 | AL84: 600 | AM84: Delta | AN84: DPS 2400B-48-5 | AO84: 250 | AP84: Exciss | AQ84: 460 | AR84: 12 | AS84: 230 | AT84: 8 | AU84: LG | AV84: LG | AW84: 18000 | AX84: 18000 | AY84: 2 | AZ84: 65 | BA84: 0 | BB84: 1 | BC84: MTN | BD84: T3179 | BE84: 0 | BF84: 0 | BH84: 0 | BI84: Palisade | BJ84: Inala | BK84: 44778 | BL84: No | BM84: No | BT84: No | BU84: No | BV84: No | BY84: n/a | BZ84: n/a | CB84: n/a | CG84: IHS_CBT_086M
A85: 892 | B85: T3343 | C85: IHS_CBT_087M | D85: Lulamba School | E85: 28.24684 | F85: -12.77406 | G85: Copperbelt | H85: 2.5 | I85: COPPERBELT | J85: KITWE | K85: No | L85: Yes | M85: No | N85: Suburban | O85: 2G 3G | P85: P3 | Q85: BTS | R85: BTS | S85: On Air | T85: Grid-Gen | U85: Green Field | V85: 36 | W85: Outdoor | X85: Chrispin Lindundu | Y85: SBC | Z85: SBC | AA85: MTN | AB85: Mwenya Banda | AC85: GNM | AD85: GNM | AE85: perkins | AF85: perkins | AG85: 20 | AH85: perkins | AI85: 0 | AJ85: Leroy Sommer | AK85: 0 | AL85: 600 | AM85: Delta | AN85: DPS 2400B-48-5 | AO85: 250 | AP85: Lithium | AQ85: 400 | AR85: 48 | AS85: 100 | AT85: =AQ85/AS85 -> 4 | AU85: N/A | AV85: N/A | AW85: N/A | AX85: n/a | AY85: N/A | AZ85: 76 | BA85: 0 | BB85: 2 | BC85: MTNAirtel | BD85: T3343 | BE85: ZM6809 | BF85: 0 | BH85: 0 | BI85: Palisade | BJ85: Inala | BK85: 44778 | BL85: No | BM85: No | BT85: No | BU85: No | BV85: No | BY85: n/a | BZ85: n/a | CB85: n/a | CG85: IHS_CBT_087M
A86: 378 | B86: T3291 | C86: IHS_CBT_088M | D86: Geddis | E86: 28.22148 | F86: -12.82479 | G86: Copperbelt | H86: 1.5 | I86: COPPERBELT | J86: KITWE | K86: Yes | L86: No | M86: No | N86: Urban | O86: 2G 3G 4G | P86: P3 | Q86: BTS | R86: BTS | S86: On Air | T86: Grid-Gen | U86: Green Field | V86: 36 | W86: Outdoor | X86: Chrispin Lindundu | Y86: SBC | Z86: SBC | AA86: MTN | AB86: Mwenya Banda | AC86: GNM | AD86: GNM | AE86: CDP | AF86: CDP | AG86: 13 | AH86: perkins | AI86: 0 | AJ86: Leroy Sommer | AK86: 0 | AL86: 500 | AM86: Delta | AN86: DPS 2400B-48-5 | AO86: 250 | AP86: Amaron | AQ86: 600 | AR86: 2 | AS86: 600 | AT86: 24 | AU86: N/A | AV86: N/A | AW86: N/A | AX86: n/a | AY86: N/A | AZ86: 55 | BA86: 0 | BB86: 1 | BC86: MTN | BD86: T3291 | BE86: 0 | BF86: 0 | BH86: 0 | BI86: Palisade | BJ86: Inala | BK86: 44778 | BL86: No | BM86: No | BT86: No | BU86: No | BV86: No | BY86: n/a | BZ86: n/a | CB86: n/a | CG86: IHS_CBT_088M
A87: 1769 | B87: T3026 | C87: IHS_CBT_089M | D87: Valley View | E87: 28.23546 | F87: -12.79063 | G87: Copperbelt | H87: 4.5 | I87: COPPERBELT | J87: KITWE | K87: Yes | L87: Yes | M87: No | N87: Urban | O87: 2G 3G 4G | P87: P2 | Q87: HUB | R87: BB | S87: On Air | T87: Grid-Gen | U87: Green Field | V87: 50 | W87: Indoor | X87: Chrispin Lindundu | Y87: SBC | Z87: SBC | AA87: MTN | AB87: Mwenya Banda | AC87: GNM | AD87: GNM | AE87: ASCOT | AF87: ASCOT | AG87: 30 | AH87: Deutz | AI87: 0 | AJ87: Mecc Alte | AK87: 0 | AL87: 2000 | AM87: Power cube | AN87: ICC330-H1-C1 | AO87: 400 | AP87: Lithium | AQ87: 700 | AR87: 48 | AS87: 100 | AT87: =AQ87/AS87 -> 7 | AU87: LG | AV87: LG | AW87: 18000 | AX87: 18000 | AY87: 2 | AZ87: 110 | BA87: 0 | BB87: 2 | BC87: MTNLiquid Telecom | BD87: T3026 | BE87: 0 | BF87: 0 | BH87: 0 | BI87: Palisade | BJ87: Inala | BK87: 44778 | BL87: No | BM87: No | BT87: No | BU87: No | BV87: No | BY87: n/a | BZ87: n/a | CB87: n/a | CG87: IHS_CBT_089M
A88: 447 | B88: T3173 | C88: IHS_CBT_090M | D88: Jambo Drive | E88: 28.22949 | F88: -12.8029 | G88: Copperbelt | H88: 2 | I88: COPPERBELT | J88: KITWE | K88: No | L88: Yes | M88: No | N88: Urban | O88: 2G 3G 4G | P88: P2 | Q88: BTS | R88: Hub | S88: On Air | T88: Grid-Gen | U88: Green Field | V88: 36 | W88: Indoor | X88: Chrispin Lindundu | Y88: SBC | Z88: SBC | AA88: MTN | AB88: Mwenya Banda | AC88: GNM | AD88: GNM | AE88: Gen Logic | AF88: Gen Logic | AG88: 16 | AH88: Yanmar | AI88: 0 | AJ88: Leroy Sommer | AK88: 0 | AL88: 600 | AM88: Delta | AN88: DPS 2400B-48-5 | AO88: 250 | AP88: NARADA | AQ88: 600 | AR88: 2 | AS88: 600 | AT88: 24 | AU88: LG | AV88: LG | AW88: 18000 | AX88: 18000 | AY88: 2 | AZ88: 80.8 | BA88: 0 | BB88: 2 | BC88: MTNAirtel | BD88: T3173 | BE88: ZM0256 | BF88: 0 | BH88: 0 | BI88: Palisade | BJ88: Inala | BK88: 44778 | BL88: No | BM88: No | BT88: No | BU88: No | BV88: No | BY88: n/a | BZ88: n/a | CB88: n/a | CG88: IHS_CBT_090M
A89: 537 | B89: T3004 | C89: IHS_CBT_091M | D89: Kalalangabo | E89: 28.675 | F89: -13.40834 | G89: Copperbelt | H89: 2 | I89: COPPERBELT | J89: MASAITI | K89: No | L89: Yes | M89: No | N89: Rural | O89: 2G 3G | P89: P4 | Q89: BTS | R89: HUB | S89: On Air | T89: Grid-Gen | U89: Green Field | V89: 80 | W89: Indoor | X89: Elvis Mumba | Y89: SBC | Z89: SBC | AA89: MTN | AB89: Mwenya Banda | AC89: GNM | AD89: GNM | AE89: GL Yanmar | AF89: GL Yanmar | AG89: 16 | AH89: Yanmar | AI89: 4TNE | AJ89: Mecc Alte | AK89: 0 | AL89: 600 | AM89: Power cube | AN89: ICC330-H1-C1 | AO89: 400 | AP89: NARADA | AQ89: 1200 | AR89: 2 | AS89: 600 | AT89: 48 | AU89: LG | AV89: LG | AW89: 18000 | AX89: 18000 | AY89: 2 | AZ89: 67 | BA89: 0 | BB89: 1 | BC89: MTN | BD89: T3004 | BE89: 0 | BF89: yes | BH89: 0 | BI89: Palisade | BJ89: Inala | BK89: 44778 | BL89: No | BM89: No | BT89: No | BU89: No | BV89: No | BY89: n/a | BZ89: n/a | CB89: n/a | CG89: IHS_CBT_091M
A90: 1459 | B90: T3234 | C90: IHS_CBT_092M | D90: Nkana Stadium | E90: 28.21216 | F90: -12.8469 | G90: Copperbelt | H90: 2 | I90: COPPERBELT | J90: KITWE | K90: No | L90: No | M90: No | N90: Suburban | O90: 2G 3G 4G | P90: P2 | Q90: BTS | R90: BTS | S90: On Air | T90: Grid-Gen | U90: Green Field | V90: 36 | W90: Indoor | X90: Chrispin Lindundu | Y90: SBC | Z90: SBC | AA90: MTN | AB90: Mwenya Banda | AC90: GNM | AD90: GNM | AE90: Gen Logic | AF90: Gen Logic | AG90: 16 | AH90: Yanmar | AI90: 0 | AJ90: Leroy Sommer | AK90: 0 | AL90: 600 | AM90: Delta | AN90: DPS 2400B-48-5 | AO90: 250 | AP90: Amaron | AQ90: 600 | AR90: 2 | AS90: 600 | AT90: 24 | AU90: LG | AV90: LG | AW90: 18000 | AX90: 18000 | AY90: 2 | AZ90: 75 | BA90: 0 | BB90: 2 | BC90: MTNAirtel | BD90: T3234 | BE90: ZM6882 | BF90: 0 | BH90: 0 | BI90: Palisade | BJ90: Inala | BK90: 44778 | BL90: No | BM90: No | BT90: No | BU90: No | BV90: No | BY90: n/a | BZ90: n/a | CB90: n/a | CG90: IHS_CBT_092M
A91: 797 | B91: T3166 | C91: IHS_CBT_093M | D91: Kwacha East | E91: 28.23493 | F91: -12.77867 | G91: Copperbelt | H91: 4.5 | I91: COPPERBELT | J91: KITWE | K91: No | L91: Yes | M91: No | N91: Suburban | O91: 2G 3G 4G | P91: P1 | Q91: BTS | R91: BTS | S91: On Air | T91: Grid-Gen | U91: Green Field | V91: 42 | W91: Indoor | X91: Chrispin Lindundu | Y91: SBC | Z91: SBC | AA91: MTN | AB91: Mwenya Banda | AC91: GNM | AD91: GNM | AE91: Gen Logic | AF91: Gen Logic | AG91: 30 | AH91: perkins | AI91: 0 | AJ91: Leroy Sommer | AK91: 0 | AL91: 1000 | AM91: Power cube | AN91: ICC330-HA1-C10 | AO91: 250 | AP91: Lithium | AQ91: 500 | AR91: 48 | AS91: 100 | AT91: =AQ91/AS91 -> 5 | AU91: LG | AV91: LG | AW91: 18000 | AX91: 18000 | AY91: 2 | AZ91: 204 | BA91: 0 | BB91: 2 | BC91: MTNAirtel | BD91: T3166 | BE91: ZM0281 | BF91: 0 | BH91: 0 | BI91: Palisade | BJ91: Inala | BK91: 44778 | BL91: No | BM91: No | BT91: No | BU91: No | BV91: No | BY91: n/a | BZ91: n/a | CB91: n/a | CG91: IHS_CBT_093M
A92: 776 | B92: T3050 | C92: IHS_CBT_094M | D92: Kitwe Primary | E92: 28.21675 | F92: -12.813733 | G92: Copperbelt | H92: 2 | I92: COPPERBELT | J92: KITWE | K92: Yes | L92: No | M92: No | N92: Urban | O92: 2G 3G 4G | P92: P3 | Q92: BTS | R92: BTS | S92: On Air | T92: Grid-Gen | U92: Green Field | V92: 54 | W92: Indoor | X92: Chrispin Lindundu | Y92: SBC | Z92: SBC | AA92: MTN | AB92: Mwenya Banda | AC92: GNM | AD92: GNM | AE92: Gen Logic | AF92: Gen Logic | AG92: 16 | AH92: Yanmar | AI92: 0 | AJ92: Leroy Sommer | AK92: 0 | AL92: 600 | AM92: Delta | AN92: DPS 2400B-48-5 | AO92: 250 | AP92: Lithium | AQ92: 500 | AR92: 48 | AS92: 100 | AT92: =AQ92/AS92 -> 5 | AU92: LG | AV92: LG | AW92: 18000 | AX92: 18000 | AY92: 2 | AZ92: 56 | BA92: 0 | BB92: 2 | BC92: MTNLiquid Telecom | BD92: T3050 | BE92: 0 | BF92: 0 | BH92: 0 | BI92: Palisade | BJ92: Inala | BK92: 44778 | BL92: Yes | BM92: Yes | BR92: pending | BT92: No | BU92: No | BV92: No | BY92: n/a | BZ92: n/a | CB92: n/a | CG92: IHS_CBT_094M
A93: 773 | B93: T3010 | C93: IHS_CBT_095M | D93: Kitwe MTSO | E93: 28.211939 | F93: -12.8212 | G93: Copperbelt | H93: 0 | I93: COPPERBELT | J93: KITWE | K93: Yes | L93: Yes | M93: No | N93: Urban | O93: 2G 3G 4G | P93: P1 | Q93: HUB | R93: HUB | S93: On Air | T93: Grid-Gen | U93: Green Field | V93: 80 | W93: Indoor | X93: Chrispin Lindundu | Y93: SBC | Z93: SBC | AA93: MTN | AB93: Mwenya Banda | AC93: In House | AD93: In House | AE93: No DG | AF93: No DG | AG93: 0 | AH93: N/A | AI93: N/A | AJ93: N/A | AK93: 0 | AL93: N/A | AM93: Delta | AN93: DPS 2400B-48-5 | AO93: 250 | AP93: C&D True | AQ93: 1056 | AR93: 12 | AS93: 176 | AT93: 24 | AU93: LG | AV93: LG | AW93: 18000 | AX93: 18000 | AY93: 2 | AZ93: 76 | BA93: 0 | BB93: 2 | BC93: MTNParatus Telecom | BD93: T3010 | BE93: 0 | BF93: 0 | BH93: 0 | BI93: Palisade | BJ93: Inala | BK93: 44778 | BL93: No | BM93: No | BT93: No | BU93: No | BV93: No | BY93: n/a | BZ93: n/a | CB93: n/a | CG93: IHS_CBT_095M
A94: 1461 | B94: T3317 | C94: IHS_CBT_096M | D94: Nkana West 9th Street | E94: 28.20927 | F94: -12.82713 | G94: Copperbelt | H94: 2.5 | I94: COPPERBELT | J94: KITWE | K94: Yes | L94: Yes | M94: No | N94: Urban | O94: 2G 3G 4G | P94: P3 | Q94: BTS | R94: HUB | S94: On Air | T94: Grid-Gen | U94: Green Field | V94: 36 | W94: Outdoor | X94: Chrispin Lindundu | Y94: SBC | Z94: SBC | AA94: MTN | AB94: Mwenya Banda | AC94: GNM | AD94: GNM | AE94: Gen Logic | AF94: Gen Logic | AG94: 20 | AH94: Yanmar | AI94: 0 | AJ94: Leroy Sommer | AK94: 0 | AL94: 600 | AM94: Power cube | AN94: ICC330-H1-C1 | AO94: 400 | AP94: NARADA | AQ94: 600 | AR94: 2 | AS94: 600 | AT94: 24 | AU94: N/A | AV94: N/A | AW94: N/A | AX94: n/a | AY94: N/A | AZ94: 64 | BA94: 0 | BB94: 2 | BC94: MTNLiquid Telecom | BD94: T3317 | BE94: 0 | BF94: 0 | BH94: 0 | BI94: Palisade | BJ94: Inala | BK94: 44778 | BL94: No | BM94: No | BT94: No | BU94: No | BV94: No | BY94: n/a | BZ94: n/a | CB94: n/a | CG94: IHS_CBT_096M
A95: 45 | B95: T3027 | C95: IHS_CBT_098M | D95: Bulangililo | E95: 28.228183 | F95: -12.769069 | G95: Copperbelt | H95: 2 | I95: COPPERBELT | J95: KITWE | K95: No | L95: Yes | M95: No | N95: Suburban | O95: 2G 3G 4G | P95: P2 | Q95: BTS | R95: BTS | S95: On Air | T95: Grid-Gen | U95: Green Field | V95: 36 | W95: Indoor | X95: Chrispin Lindundu | Y95: SBC | Z95: SBC | AA95: MTN | AB95: Mwenya Banda | AC95: GNM | AD95: GNM | AE95: Gen Logic | AF95: Gen Logic | AG95: 16 | AH95: Yanmar | AI95: 0 | AJ95: Leroy Sommer | AK95: 0 | AL95: 500 | AM95: Delta | AN95: DPS 2400B-48-5 | AO95: 250 | AP95: Power safe | AQ95: 1200 | AR95: 2 | AS95: 1200 | AT95: 24 | AU95: LG | AV95: LG | AW95: 18000 | AX95: 18000 | AY95: 2 | AZ95: 62 | BA95: 0 | BB95: 1 | BC95: MTN | BD95: T3027 | BE95: 0 | BF95: 0 | BH95: 0 | BI95: Palisade | BJ95: Inala | BK95: 44778 | BL95: No | BM95: No | BT95: No | BU95: No | BV95: No | BY95: n/a | BZ95: n/a | CB95: n/a | CG95: IHS_CBT_098M
A96: 778 | B96: T3326 | C96: IHS_CBT_099M | D96: Kitwe Town Center | E96: 28.20848 | F96: -12.81255 | G96: Copperbelt | H96: 1.8 | I96: COPPERBELT | J96: KITWE | K96: Yes | L96: No | M96: No | N96: Urban | O96: 2G 3G 4G | P96: P2 | Q96: BTS | R96: BTS | S96: On Air | T96: Grid-Gen | U96: Green Field | V96: 36 | W96: Outdoor | X96: Chrispin Lindundu | Y96: SBC | Z96: SBC | AA96: MTN | AB96: Mwenya Banda | AC96: GNM | AD96: GNM | AE96: CDP | AF96: CDP | AG96: 15 | AH96: perkins | AI96: 0 | AJ96: Leroy Sommer | AK96: 0 | AL96: 600 | AM96: Delta | AN96: DPS 2400B-48-5 | AO96: 250 | AP96: Wolong | AQ96: 600 | AR96: 2 | AS96: 600 | AT96: 24 | AU96: N/A | AV96: N/A | AW96: N/A | AX96: n/a | AY96: N/A | AZ96: 65 | BA96: 0 | BB96: 1 | BC96: MTN | BD96: T3326 | BE96: 0 | BF96: 0 | BH96: 0 | BI96: Palisade | BJ96: Inala | BK96: 44778 | BL96: Yes | BM96: Yes | BR96: pending | BT96: No | BU96: No | BV96: No | BY96: n/a | BZ96: n/a | CB96: n/a | CG96: IHS_CBT_099M
A97: 43 | B97: T3025 | C97: IHS_CBT_100M | D97: Buchi | E97: 28.215003 | F97: -12.793847 | G97: Copperbelt | H97: 2 | I97: COPPERBELT | J97: KITWE | K97: No | L97: Yes | M97: No | N97: Suburban | O97: 2G 3G | P97: P2 | Q97: BTS | R97: BB | S97: On Air | T97: Grid-Gen | U97: Green Field | V97: 48 | W97: Indoor | X97: Chrispin Lindundu | Y97: SBC | Z97: SBC | AA97: MTN | AB97: Mwenya Banda | AC97: GNM | AD97: GNM | AE97: Gen Logic | AF97: Gen Logic | AG97: 16 | AH97: Yanmar | AI97: 0 | AJ97: Leroy Sommer | AK97: 0 | AL97: 600 | AM97: Delta | AN97: DPS 2400B-48-5 | AO97: 250 | AP97: NARADA | AQ97: 1200 | AR97: 2 | AS97: 600 | AT97: 48 | AU97: LG | AV97: LG | AW97: 18000 | AX97: 18000 | AY97: 2 | AZ97: 68 | BA97: 0 | BB97: 2 | BC97: MTNAirtel | BD97: T3025 | BE97: ZM0152 | BF97: 0 | BH97: 0 | BI97: Palisade | BJ97: Inala | BK97: 44778 | BL97: No | BM97: No | BT97: No | BU97: No | BV97: No | BY97: n/a | BZ97: n/a | CB97: n/a | CG97: IHS_CBT_100M
A98: 265 | B98: T3223 | C98: IHS_CBT_101M | D98: Chisokone | E98: 28.2056 | F98: -12.8166 | G98: Copperbelt | H98: N/A | I98: COPPERBELT | J98: KITWE | K98: No | L98: Yes | M98: No | N98: Urban | O98: 2G 3G 4G | P98: P1 | Q98: BTS | R98: BTS | S98: On Air | T98: Grid Only | U98: Roof Top | V98: RT | W98: Indoor | X98: Chrispin Lindundu | Y98: SBC | Z98: SBC | AA98: MTN | AB98: Mwenya Banda | AC98: In House | AD98: In House | AE98: No DG | AF98: No DG | AG98: N/A | AH98: N/A | AI98: N/A | AJ98: N/A | AK98: N/A | AL98: N/A | AM98: Power cube | AN98: ICC330-H1-C1 | AO98: 400 | AP98: Lithium | AQ98: 500 | AR98: 48 | AS98: 100 | AT98: =AQ98/AS98 -> 5 | AU98: LG | AV98: LG | AW98: 18000 | AX98: 18000 | AY98: 2 | AZ98: 82 | BA98: 0 | BB98: 1 | BC98: MTN | BD98: T3223 | BE98: 0 | BF98: 0 | BH98: 0 | BI98: Palisade | BJ98: Inala | BK98: 44778 | BL98: No | BM98: No | BT98: No | BU98: No | BV98: No | BY98: n/a | BZ98: n/a | CB98: n/a | CG98: IHS_CBT_101M
A99: 1558 | B99: T3181 | C99: IHS_CBT_102M | D99: Richmond | E99: 28.20786 | F99: -12.80617 | G99: Copperbelt | H99: 2 | I99: COPPERBELT | J99: KITWE | K99: Yes | L99: No | M99: No | N99: Urban | O99: 2G 3G 4G | P99: P2 | Q99: BTS | R99: BTS | S99: On Air | T99: Grid-Gen | U99: Green Field | V99: 36 | W99: Indoor | X99: Chrispin Lindundu | Y99: SBC | Z99: SBC | AA99: MTN | AB99: Mwenya Banda | AC99: GNM | AD99: GNM | AE99: Gen Logic | AF99: Gen Logic | AG99: 16 | AH99: Yanmar | AI99: 0 | AJ99: Leroy Sommer | AK99: 0 | AL99: 600 | AM99: Delta | AN99: DPS 2400B-48-5 | AO99: 250 | AP99: Agisson | AQ99: 600 | AR99: 2 | AS99: 600 | AT99: 24 | AU99: LG | AV99: LG | AW99: 18000 | AX99: 18000 | AY99: 2 | AZ99: 68 | BA99: 0 | BB99: 2 | BC99: MTNLiquid Telecom | BD99: T3181 | BE99: 0 | BF99: 0 | BH99: 0 | BI99: Palisade | BJ99: Inala | BK99: 44778 | BL99: No | BM99: No | BT99: No | BU99: No | BV99: No | BY99: n/a | BZ99: n/a | CB99: n/a | CG99: IHS_CBT_102M
A100: 796 | B100: T3167 | C100: IHS_CBT_103M | D100: Kwacha central | E100: 28.2186 | F100: -12.7763 | G100: Copperbelt | H100: 2 | I100: COPPERBELT | J100: KITWE | K100: No | L100: Yes | M100: No | N100: Suburban | O100: 2G 3G | P100: P2 | Q100: BTS | R100: BTS | S100: On Air | T100: Grid-Gen | U100: Green Field | V100: 42 | W100: Indoor | X100: Chrispin Lindundu | Y100: SBC | Z100: SBC | AA100: MTN | AB100: Mwenya Banda | AC100: GNM | AD100: GNM | AE100: Gen Logic | AF100: Gen Logic | AG100: 16 | AH100: Yanmar | AI100: 0 | AJ100: Leroy Sommer | AK100: 0 | AL100: 600 | AM100: Delta | AN100: DPS 2400B-48-5 | AO100: 250 | AP100: Agisson | AQ100: 600 | AR100: 2 | AS100: 600 | AT100: 24 | AU100: LG | AV100: LG | AW100: 18000 | AX100: 18000 | AY100: 2 | AZ100: 71 | BA100: 0 | BB100: 1 | BC100: MTN | BD100: T3167 | BE100: 0 | BF100: 0 | BH100: 0 | BI100: Palisade | BJ100: Inala | BK100: 44778 | BL100: No | BM100: No | BT100: No | BU100: No | BV100: No | BY100: n/a | BZ100: n/a | CB100: n/a | CG100: IHS_CBT_103M
...

Sheet MS CAPTURE
Y1: =SUBTOTAL(9,Y3:Y4943) -> 29295 | AS1: VALIDATION STATUS
A2: SITE ID | B2: SITE NAME | C2: SBC | D2: NAME OF TECHNICIAN | E2: REGION | F2: CURRENT VISIT DATE | G2: LAST VISIT DATE | H2: TYPE OF VISIT | I2: DG SERIAL NUMBER | J2: DG BRAND | K2: AC / DC | L2: DG KVA | M2: DG REPLACEMENT DATE | N2: PREVIOUS DG RUN HOURS | O2: CURRENT DG RUN HOURS | P2: RUNING HOURS | Q2: MAX RH | R2: RH TEST | S2: Last servicing | T2: CURRENT SERVICING | U2: NEXT SERVICE PLANED | V2: DG serviced Hour | W2: PREVIOUS DIESEL LEVEL | X2: FUEL FOUND | Y2: FUEL ADDED | Z2: FUEL LEFT ON SITE | AA2: FUEL CONSUMED | AB2: CPH | AC2: Expected CPH | AD2: CPH Test | AE2: CPH Deductions | AF2: ZESCO METER S/NO | AG2: PHASE TYPE | AH2: CURRENT GRID METER READING | AI2: PREVIOUS GRID METER READING | AJ2: GRID CONSUMPTION (kWh) | AK2: N-PH1 VOLTAGE | AL2: N-PH2 VOLTAGE | AM2: N-PH3 VOLTAGE | AN2: LOAD 1 (A) | AO2: LOAD 2 (A) | AP2: LOAD 3 (A) | AQ2: DC LOAD (A) | AR2: PREVIOUS VISIT DATE
A3: T3223 | B3: CHISOKONE | C3: CCS | D3: FACKSON | E3: COPPERBELT | F3: 45923 | N3: 0 | O3: 0 | X3: 0 | Y3: 200 | AR3: 45923
A4: T3223 | B4: CHISOKONE | C4: CCS | D4: FACKSON | E4: COPPERBELT | F4: 45927 | N4: 0 | O4: 47 | X4: 0 | Y4: 200 | AR4: 45923
A5: T3223 | B5: CHISOKONE | C5: CCS | D5: FACKSON | E5: COPPERBELT | F5: 45930 | N5: 47 | O5: 77 | X5: 112 | Y5: 200 | AR5: 45927
A6: T3223 | B6: CHISOKONE | C6: CCS | D6: FACKSON | E6: COPPERBELT | F6: 45934 | N6: 77 | O6: 145 | X6: 49 | Y6: 200 | AR6: 45930
A7: T3423 | B7: KABUSHI WEST | C7: CCS | D7: KASOMA | E7: COPPERBELT | F7: 45923 | N7: FAULTY | O7: 5017 | X7: 5 | Y7: 50 | AR7: 45923
A8: T3423 | B8: KABUSHI WEST | C8: CCS | D8: KASOMA | E8: COPPERBELT | F8: 45924 | N8: 5017 | O8: 5039 | X8: 5 | Y8: 50 | AR8: 45923
A9: T3423 | B9: KABUSHI WEST | C9: CCS | D9: KASOMA | E9: COPPERBELT | F9: 45926 | N9: 5039 | O9: 5059 | X9: 5 | Y9: 50 | AR9: 45924
A10: T3423 | B10: KABUSHI WEST | C10: CCS | D10: KASOMA | E10: COPPERBELT | F10: 45927 | N10: 5059 | O10: 5082 | X10: 5 | Y10: 50 | AR10: 45926
A11: T3423 | B11: KABUSHI WEST | C11: CCS | D11: KASOMA | E11: COPPERBELT | F11: 45928 | N11: 5082 | O11: 5100 | X11: 5 | Y11: 50 | AR11: 45927
A12: T3423 | B12: KABUSHI WEST | C12: CCS | D12: KASOMA | E12: COPPERBELT | F12: 45929 | N12: 5100 | O12: 5117 | X12: 10 | Y12: 40 | AR12: 45928
A13: T3423 | B13: KABUSHI WEST | C13: CCS | D13: KASOMA | E13: COPPERBELT | F13: 45930 | N13: 5117 | O13: 5133 | X13: 5 | Y13: 50 | AR13: 45929
A14: T3423 | B14: KABUSHI WEST | C14: CCS | D14: KASOMA | E14: COPPERBELT | F14: 45931 | N14: 5133 | O14: 5148 | X14: 16 | Y14: 40 | AR14: 45930
A15: T3423 | B15: KABUSHI WEST | C15: CCS | D15: KASOMA | E15: COPPERBELT | F15: 45933 | N15: 5168 | O15: 5182 | X15: 17 | Y15: 40 | AR15: 45931
A16: T3423 | B16: KABUSHI WEST | C16: CCS | D16: KASOMA | E16: COPPERBELT | F16: 45934 | N16: 5182 | O16: 5192 | X16: 10 | Y16: 40 | AR16: 45933
A17: T3423 | B17: KABUSHI WEST | C17: CCS | D17: KASOMA | E17: COPPERBELT | F17: 45935 | N17: 5198 | O17: 5215 | X17: 5 | Y17: 50 | AR17: 45934
A18: T3007 | B18: KAMFINSA HILL | C18: CCS | D18: FACKSON | E18: Copperbelt | F18: 45916 | N18: 16280 | O18: 16317 | X18: 76 | Y18: 200 | AR18: 45916
A19: T3007 | B19: KAMFINSA HILL | C19: CCS | D19: FACKSON | E19: Copperbelt | F19: 45920 | N19: 16317 | O19: 16355 | X19: 136 | Y19: 200 | AR19: 45916
... A48: T3246 | B48: RIVERSIDE EXTENTION | C48: CCS | D48: JAULA | E48: COPPERBELT | F48: 45935 | N48: 5082 | O48: 5148 | X48: 5 | Y48: 100 | AR48: 45932
A49: T3340 | B49: KITWE TBN | C49: CCS | D49: JAULA | E49: COPPERBELT | N49: 3663 | O49: 3746 | X49: 25 | Y49: 200 | AR49: 45934
A50: T3007 | B50: KAMFINSA HILL | C50: CCS | D50: FACKSON | E50: Copperbelt | F50: 45913 | N50: 16446 | O50: 16280 | X50: 10 | Y50: 200 | AR50: 45932
A51: T3423 | B51: KABUSHI WEST | C51: CCS | D51: KASOMA | E51: COPPERBELT | N51: 5215 | O51: FAULTY | Y51: 50 | AR51: 45935
A52: T3423 | B52: KABUSHI WEST | C52: CCS | D52: KASOMA | E52: COPPERBELT | N52: FAULTY | O52: 5168 | Y52: 100 | AR52: 45935
A53: T3265 | B53: KITWE INDUSTRIES | C53: CCS | D53: JAULA | E53: COPPERBELT | N53: 4001 | O53: 3470 | X53: 76 | Y53: 200 | AR53: 45935
A54: T3223 | B54: CHISOKONE | C54: CCS | D54: FACKSON | E54: COPPERBELT | F54: 45939 | N54: 145 | O54: 197 | X54: 5 | Y54: 200 | AR54: 45934
A55: T3223 | B55: CHISOKONE | C55: CCS | D55: SAMUEL | E55: COPPERBELT | F55: 45942 | N55: 197 | O55: 233 | X55: 87 | Y55: 200 | AR55: 45939
A56: T3223 | B56: CHISOKONE | C56: CCS | D56: FACKSON | E56: COPPERBELT | F56: 45945 | N56: 233 | O56: 279 | X56: 82 | Y56: 300 | AR56: 45942
A57: T3423 | B57: KABUSHI WEST | C57: CCS | D57: KASOMA | E57: COPPERBELT | F57: 45944 | N57: 5168 | O57: 5320 | X57: 5 | Y57: 50 | AR57: 45935
A58: T3007 | B58: KAMFINSA HILL | C58: CCS | D58: FACKSON | E58: COPPERBELT | F58: 45939 | N58: 16446 | O58: 16501 | X58: 15 | Y58: 100 | AR58: 45913
A59: T3007 | B59: KAMFINSA HILL | D59: FACKSON | E59: COPPERBELT | F59: 45945 | N59: 16501 | O59: 16532 | X59: 10 | Y59: 200 | AR59: 45939
A60: T3265 | B60: KITWE INDUSTRIES | C60: CCS | D60: SAMUEL | E60: COPPERBELT | F60: 45941 | N60: 4047 | O60: 4113 | X60: 79 | Y60: 250 | AR60: 45935
A61: T3265 | B61: KITWE INDUSTRIES | C61: CCS | D61: FACKSON | E61: COPPERBELT | F61: 45944 | N61: 4113 | O61: 4188 | X61: 65 | Y61: 250 | AR61: 45941
A62: T3265 | B62: KITWE INDUSTRIES | C62: CCS | D62: FACKSON | E62: COPPERBELT | F62: 45938 | N62: 4188 | O62: 4047 | X62: 10 | Y62: 300 | AR62: 45944
A63: T3246 | B63: RIVERSIDE EXTENTION | C63: CCS | D63: JAULA | E63: COPPERBELT | F63: 45935 | N63: 5212 | O63: 5312 | X63: 21 | Y63: 300 | AR63: 45935
A64: T3340 | B64: KITWE TBN | C64: CCS | D64: FACKSON | E64: COPPERBELT | F64: 45939 | N64: 3746 | O64: 3822 | X64: 5 | Y64: 200 | AR64: 45934
A65: T3340 | B65: KITWE TBN | C65: CCS | D65: SAMUEL | E65: COPPERBELT | F65: 45942 | N65: 3822 | O65: 3853 | X65: 118 | Y65: 250 | AR65: 45939
A66: T3246 | B66: RIVERSIDE EXTENTION | C66: CCS | D66: JAULA | E66: COPPERBELT | F66: 45939 | N66: 5148 | O66: 5176 | X66: 5 | Y66: 150 | AR66: 45935
A67: T3246 | B67: RIVERSIDE EXTENTION | C67: CCS | D67: JAULA | E67: COPPERBELT | F67: 45940 | N67: 5176 | O67: 5192 | X67: 103 | Y67: 300 | AR67: 45939
A68: T3246 | B68: RIVERSIDE EXTENTION | C68: CCS | D68: JAULA | E68: COPPERBELT | F68: 45944 | N68: 5192 | O68: 5312 | X68: 21 | Y68: 300 | AR68: 45940
A69: T3423 | B69: KABUSHI WEST | C69: CCS | D69: KASOMA | E69: COPPERBELT | F69: 45946 | N69: 5320 | O69: 5349 | X69: 5 | Y69: 50 | AR69: 45944
A70: T3265 | B70: KITWE INDUSTRIES | C70: CCS | D70: FACKSON | E70: COPPERBELT | F70: 45947 | N70: 4188 | O70: 4261 | X70: 62 | Y70: 300 | AR70: 45938
A71: T3423 | B71: KABUSHI WEST | C71: CCS | D71: KASOMA | E71: COPPERBELT | F71: 45947 | N71: 5349 | O71: 5363 | X71: 18 | Y71: 50 | AR71: 45946
... A83: T3423 | B83: KABUSHI WEST | C83: CCS | D83: KASOMA | E83: COPPERBELT | F83: 45954 | N83: 5445 | O83: 5468 | X83: 5 | Y83: 50 | AR83: 45952
A84: T3007 | B84: KAMFINSA HILL | D84: FACKSON | E84: COPPERBELT | F84: 45954 | N84: 16579 | O84: 16617 | X84: 10 | Y84: 200 | AR84: 45949
A85: T3246 | B85: RIVERSIDE EXTENTION | C85: CCS | D85: JAULA | E85: COPPERBELT | F85: 45955 | N85: 5512 | O85: 5537 | X85: 12 | Y85: 200 | AR85: 45953
A86: T3423 | B86: KABUSHI WEST | C86: CCS | D86: KASOMA | E86: COPPERBELT | F86: 45955 | N86: 5468 | O86: 5488 | X86: 5 | Y86: 50 | AR86: 45954
A87: T3423 | B87: KABUSHI WEST | C87: CCS | D87: KASOMA | E87: COPPERBELT | F87: 45955 | N87: 5488 | O87: 5506 | X87: 5 | Y87: 50 | AR87: 45955
A88: T3223 | B88: CHACHACHA | D88: FACKSON | E88: COPPERBELT | F88: 45956 | N88: 1635 | O88: 1737 | X88: 52 | Y88: 300 | AR88: 45949
A89: T3223 | B89: CHISOKONE | C89: CCS | D89: FACKSON | E89: COPPERBELT | F89: 45956 | N89: 332 | O89: 413 | X89: 117 | Y89: 300 | AR89: 45956
A90: T3340 | B90: KITWE TBN | C90: CCS | D90: FACKSON | E90: COPPERBELT | F90: 45955 | N90: 3963 | O90: 4024 | X90: 29 | Y90: 100 | AR90: 45950
A91: T3265 | B91: KITWE INDUSTRIES | C91: CCS | D91: JAULA | E91: COPPERBELT | F91: 45957 | N91: 4024 | O91: 4061 | X91: 10 | Y91: 200 | AR91: 45952
A92: T3423 | B92: KABUSHI WEST | C92: CCS | D92: KASOMA | E92: COPPERBELT | F92: 45957 | N92: 5506 | O92: 5525 | X92: 5 | Y92: 50 | AR92: 45955
A93: T3246 | B93: RIVERSIDE EXTENTION | C93: CCS | D93: JAULA | E93: COPPERBELT | F93: 45957 | N93: 5537 | O93: 5589 | X93: 30 | Y93: 300 | AR93: 45955
A94: T3423 | B94: KABUSHI WEST | C94: CCS | D94: KASOMA | E94: COPPERBELT | F94: 45957 | N94: 5525 | O94: 5542 | X94: 5 | Y94: 50 | AR94: 45957
A95: T3007 | B95: KAMFINSA HILL | C95: CCS | D95: FACKSON | E95: COPPERBELT | F95: 45959 | N95: 16617 | O95: 16653 | X95: 78 | Y95: 200 | AR95: 45954
A96: T3423 | B96: KABUSHI WEST | C96: CCS | D96: KASOMA | E96: COPPERBELT | F96: 45959 | N96: 5542 | O96: 5565 | X96: 5 | Y96: 50 | AR96: 45957
A97: T3423 | B97: KABUSHI WEST | C97: CCS | D97: KASOMA | E97: COPPERBELT | F97: 45960 | N97: 5565 | O97: 5819 | X97: 16 | Y97: 40 | AR97: 45959
A98: T3246 | B98: RIVERSIDE EXTENTION | C98: CCS | D98: JAULA | E98: COPPERBELT | F98: 45960 | N98: 5589 | O98: 5661 | X98: 92 | Y98: 300 | AR98: 45957
A99: T3423 | B99: KABUSHI WEST | C99: CCS | D99: KASOMA | E99: COPPERBELT | F99: 45961 | N99: 5565 | O99: 5578 | X99: 16 | Y99: 40 | AR99: 45960
A100: T3265 | B100: KITWE INDUSTRIES | C100: CCS | D100: FACKSON | E100: COPPERBELT | F100: 45961 | N100: 4415 | O100: 4491 | X100: 21 | Y100: 300 | AR100: 45957
... A106: T3246 | B106: RIVERSIDE EXTENTION | C106: CCS | D106: JAULA | E106: COPPERBELT | F106: 45968 | N106: 5778 | O106: 5841 | X106: 5 | Y106: 200 | AR106: 45965
C107: CCS | E107: COPPERBELT | F107: 45968 | N107: 4491 | O107: 4611 | X107: 5 | Y107: 350
A108: T3423 | B108: KABUSHI WEST | C108: CCS | D108: KASOMA | E108: COPPERBELT | F108: 45969 | N108: 5648 | O108: 5697 | X108: 5 | Y108: 50 | AR108: 45964
A109: T3340 | B109: KITWE TBN | C109: CCS | D109: FACKSON | E109: COPPERBELT | F109: 45972 | N109: 4243 | O109: 4257 | X109: 5 | Y109: 250 | AR109: 45955
A110: T3265 | B110: KITWE INDUSTRIES | C110: CCS | D110: FACKSON | E110: COPPERBELT | F110: 45973 | N110: 4611 | O110: 4733 | X110: 25 | Y110: 300 | AR110: 45961
A111: T3223 | B111: CHISOKONE | C111: CCS | D111: FACKSON | E111: COPPERBELT11-12 | F111: 45973 | N111: 413 | O111: 524 | X111: 20 | Y111: 400 | AR111: 45956
A112: T3246 | B112: RIVERSIDE EXTENTION | C112: CCS | D112: JAULA | E112: COPPERBELT | F112: 45974 | N112: 5864 | O112: 5971 | X112: 5 | Y112: 200 | AR112: 45968
A113: T3246 | B113: RIVERSIDE EXTENTION | C113: CCS | D113: JAULA | E113: COPPERBELT | F113: 45975 | N113: 5971 | O113: 6011 | X113: 54 | Y113: 100 | AR113: 45974
A114: T3340 | B114: KITWE TBN | C114: CCS | D114: FACKSON | E114: COPPERBELT | F114: 45976 | N114: 4257 | O114: 4290 | X114: 143 | Y114: 200 | AR114: 45972
A115: T3007 | B115: KAMFINSA HILL | C115: CCS | D115: FACKSON | E115: COPPERBELT11-16 | F115: 45977 | N115: 16715 | O115: 16748 | X115: 10 | Y115: 150 | AR115: 45965
A116: T3423 | B116: KABUSHI WEST | C116: CCS | D116: ROYD | E116: COPPERBELT | F116: 45977 | N116: 5697 | O116: 5779 | X116: 10 | Y116: 50 | AR116: 45969
A117: T3246 | B117: RIVERSIDE EXTENTION | C117: CCS | D117: JAULA | E117: COPPERBELT | F117: 45978 | N117: 6011 | O117: 6056 | X117: 5 | Y117: 50 | AR117: 45975
A118: T3265 | B118: KITWE INDUSTRIES | C118: CCS | D118: FACKSON | E118: COPPERBELT | F118: 45978 | N118: 4733 | O118: 4835 | X118: 5 | Y118: 25 | AR118: 45973
A119: IHS_CBT_T3265 | B119: Kitwe industries | C119: CCS | D119: FACKSON | E119: COPPERBELT | F119: 18/11/2025 | N119: 4835 | O119: 4845 | X119: 5 | Y119: 300 | AB119: 2.5 | AR119: 18/11/2025
A120: IHS_CBT_T3223 | B120: Chisokone | C120: CCS | D120: FACKSON | E120: COPPERBELT | F120: 19/11/2025 | N120: 524 | O120: 606 | X120: 98 | Y120: 300 | AB120: 3.9 | AR120: 19/11/2025
A121: IHS_CBT_T3246 | B121: Riverside Extension | C121: CCS | D121: Jaula | E121: COPPERBELT | F121: 18/11/2025 | N121: 6056 | O121: 6062 | X121: 32 | Y121: 300 | AB121: 3.8 | AR121: 18/11/2025
A122: T3265 | B122: KITWE INDUSTRIES | C122: CCS | D122: FACKSON | E122: COPPERBELT | F122: 45982 | N122: 4845 | O122: 4916 | X122: 84 | Y122: 300 | AR122: 45978
A123: IHS_CBT_T3223 | B123: Chisokone | C123: CCS | D123: FACKSON | E123: COPPERBELT | F123: 45982 | N123: 606 | O123: 643 | X123: 241 | Y123: 300 | AR123: 19/11/2025
A124: T3246 | B124: RIVERSIDE EXTENTION | C124: CCS | D124: JAULA | E124: COPPERBELT | F124: 45983 | N124: 6062 | O124: 6149 | X124: 32 | Y124: 300 | AR124: 45978
A125: T3265 | B125: KITWE INDUSTRIES | C125: CCS | D125: FACKSON | E125: COPPERBELT | F125: 45987 | N125: 4916 | O125: 5033 | X125: 51 | Y125: 200 | AR125: 45982
A126: T3223 | B126: CHISOKONE | C126: CCS | D126: FACKSON | E126: COPPERBELT11-12 | F126: 45987 | N126: 643 | O126: 715 | X126: 260 | Y126: 400 | AR126: 45973
A127: T3340 | B127: KITWE TBN | C127: CCS | D127: FACKSON | E127: COPPERBELT | F127: 45987 | N127: 4330 | O127: 4424 | X127: 52 | Y127: 200 | AR127: 45976
A128: T3246 | B128: RIVERSIDE EXTENTION | C128: CCS | D128: JAULA | E128: COPPERBELT | F128: 45987 | N128: 6149 | O128: 6229 | X128: 32 | Y128: 300 | AR128: 45983
A129: T3265 | B129: KITWE INDUSTRIES | C129: CCS | D129: FACKSON | E129: COPPERBELT | F129: 45991 | N129: 5033 | O129: 5128 | X129: 10 | Y129: 300 | AR129: 45987
A130: T3340 | B130: KITWE TBN | C130: CCS | D130: FACKSON | E130: COPPERBELT | F130: 45991 | N130: 4424 | O130: 4476 | X130: 68 | Y130: 300 | AR130: 45987
A131: T3246 | B131: RIVERSIDE EXTENTION | C131: CCS | D131: JAULA | E131: COPPERBELT | F131: 45990 | N131: 6229 | O131: 6310 | X131: 32 | Y131: 300 | AR131: 45987
A132: T3007 | B132: KAMFINSA HILL | C132: CCS | D132: FACKSON | E132: COPPERBELT11-16 | F132: 45988 | N132: 16748 | O132: 16818 | X132: 20 | Y132: 300 | AR132: 45977
A133: T3423 | B133: KABUSHI WEST | C133: CCS | D133: ROYD | E133: COPPERBELT | F133: 45991 | N133: 5890 | O133: 5923 | X133: 5 | Y133: 50 | AR133: 45977
A134: T3007 | B134: KAMFINSA HILL | C134: CCS | D134: FACKSON | E134: COPPERBELT | F134: 46002 | N134: 16879 | O134: 16895 | X134: 133 | Y134: 100 | AR134: 45988
A135: T3265 | B135: KITWE INDUSTRIES | C135: CCS | D135: FACKSON | E135: COPPERBELT | F135: 46003 | N135: 5320 | O135: 5354 | X135: 10 | Y135: 300 | AR135: 45991
... A174: T3423 | B174: KABUSHI WEST | C174: CCS | D174: ROYD | E174: COPPERBELT | F174: 46048 | N174: 6173 | O174: 6191 | X174: 10 | Y174: 50 | AR174: 46047
AS296: OK
AS297: OK
AS298: OK
AS299: OK
AS300: OK
AS301: Missing or invalid DATE
AS302: OK
AS303: OK
...

Sheet Sheet1

Sheet Sheet2

Sheet Sheet3
